MAC_add,Timestamp
1E:F1:BD:ED:9D:45,1710854618
4C:4E:95:67:8E:0A,1710854618
53:09:6F:27:20:9F,1710854618
0D:FF:95:46:3A:38,1710854618
77:7A:69:87:01:91,1710854618
41:63:56:17:FD:41,1710854618
11:BE:96:9B:46:9C,1710854618
63:F4:15:33:AB:C5,1710854618
51:A2:99:68:63:F1,1710854618
12:A6:F8:14:89:10,1710854618
04:1C:87:16:C2:75,1710854618
EC:EE:0D:DF:16:56,1710854618
2E:6C:DB:9E:2A:2B,1710854618
72:8D:E9:F7:3D:94,1710854618
1C:0E:D2:12:26:11,1710854618
5F:20:84:91:57:FE,1710854618
12:D9:BB:FC:87:11,1710854618
39:F3:15:30:02:EF,1710854618
48:B7:FB:6A:E6:56,1710854618
56:3C:9D:8B:DB:D5,1710854618
34:80:FD:93:41:E9,1710854618
58:7F:7E:08:98:81,1710854618
39:56:80:ED:F1:FD,1710854618
EA:B3:BC:E6:5A:21,1710854618
76:40:14:6E:FA:36,1710854618
37:1E:11:9B:D0:39,1710854618
E2:88:62:15:3D:02,1710854618
40:DB:38:43:25:EA,1710854618
4E:B2:24:BE:07:95,1710854618
18:7E:4B:E3:9A:93,1710854618
3C:1F:FF:7A:8B:66,1710854618
26:99:E5:10:21:C0,1710854618
4C:3B:A2:0C:1F:49,1710854618
22:44:2E:7D:3B:D2,1710854618
15:C6:5C:D7:E0:86,1710854618
76:18:6C:14:F9:12,1710854618
49:51:49:3F:5B:E5,1710854618
19:E9:62:F1:98:22,1710854618
FF:3D:E4:95:ED:EC,1710854618
4E:EF:3E:2C:18:6D,1710854618
23:07:08:00:2C:C3,1710854618
68:AE:14:BC:94:ED,1710854618
6E:DE:9A:E9:AF:99,1710854618
7F:B4:77:DA:FB:C1,1710854618
FE:73:E6:B1:3F:CC,1710854618
C6:B6:52:BD:0E:2E,1710854618
48:74:12:40:6C:08,1710854618
70:A8:D3:A8:BF:5F,1710854618
1E:F1:BD:ED:9D:45,1710854635
04:1C:87:16:C2:75,1710854635
26:99:E5:10:21:C0,1710854635
12:A6:F8:14:89:10,1710854635
39:F3:15:30:02:EF,1710854635
11:BE:96:9B:46:9C,1710854635
2E:6C:DB:9E:2A:2B,1710854635
77:7A:69:87:01:91,1710854635
1C:0E:D2:12:26:11,1710854635
48:B7:FB:6A:E6:56,1710854635
4C:4E:95:67:8E:0A,1710854635
53:09:6F:27:20:9F,1710854635
72:8D:E9:F7:3D:94,1710854635
58:7F:7E:08:98:81,1710854635
76:18:6C:14:F9:12,1710854635
C6:B6:52:BD:0E:2E,1710854635
41:63:56:17:FD:41,1710854635
63:F4:15:33:AB:C5,1710854635
51:A2:99:68:63:F1,1710854635
76:40:14:6E:FA:36,1710854635
EA:B3:BC:E6:5A:21,1710854635
56:3C:9D:8B:DB:D5,1710854635
49:51:49:3F:5B:E5,1710854635
40:DB:38:43:25:EA,1710854635
39:56:80:ED:F1:FD,1710854635
0D:FF:95:46:3A:38,1710854635
7F:B4:77:DA:FB:C1,1710854635
7B:74:B2:90:9D:A1,1710854635
5F:20:84:91:57:FE,1710854635
DD:86:9A:BD:8C:C5,1710854635
22:44:2E:7D:3B:D2,1710854635
1A:CB:3D:58:94:72,1710854635
6E:DE:9A:E9:AF:99,1710854635
18:7E:4B:E3:9A:93,1710854635
23:07:08:00:2C:C3,1710854635
E2:88:62:15:3D:02,1710854635
3C:1F:FF:7A:8B:66,1710854635
65:55:B3:50:E3:1B,1710854635
19:E9:62:F1:98:22,1710854635
68:AE:14:BC:94:ED,1710854635
4E:7D:1A:A6:3E:C4,1710854635
15:C6:5C:D7:E0:86,1710854635
06:5E:84:6A:85:14,1710854635
7B:AB:69:5E:0B:F8,1710854635
48:74:12:40:6C:08,1710854635
70:A8:D3:A8:BF:5F,1710854635
4C:4E:95:67:8E:0A,1710854655
1E:F1:BD:ED:9D:45,1710854655
41:63:56:17:FD:41,1710854655
1C:0E:D2:12:26:11,1710854655
0D:FF:95:46:3A:38,1710854655
39:F3:15:30:02:EF,1710854655
5A:14:4B:6B:61:48,1710854655
11:BE:96:9B:46:9C,1710854655
7B:74:B2:90:9D:A1,1710854655
12:A6:F8:14:89:10,1710854655
26:99:E5:10:21:C0,1710854655
2E:6C:DB:9E:2A:2B,1710854655
51:A2:99:68:63:F1,1710854655
6E:DE:9A:E9:AF:99,1710854655
63:F4:15:33:AB:C5,1710854655
04:1C:87:16:C2:75,1710854655
18:7E:4B:E3:9A:93,1710854655
53:09:6F:27:20:9F,1710854655
56:3C:9D:8B:DB:D5,1710854655
48:B7:FB:6A:E6:56,1710854655
77:7A:69:87:01:91,1710854655
49:51:49:3F:5B:E5,1710854655
58:7F:7E:08:98:81,1710854655
1A:CB:3D:58:94:72,1710854655
19:E9:62:F1:98:22,1710854655
23:07:08:00:2C:C3,1710854655
76:40:14:6E:FA:36,1710854655
3C:1F:FF:7A:8B:66,1710854655
EA:B3:BC:E6:5A:21,1710854655
C5:39:AD:12:B4:4F,1710854655
40:DB:38:43:25:EA,1710854655
0E:7C:8A:92:A8:79,1710854655
76:18:6C:14:F9:12,1710854655
DF:13:87:2E:1F:9B,1710854655
66:1E:D2:9A:D5:14,1710854655
06:5E:84:6A:85:14,1710854655
39:56:80:ED:F1:FD,1710854655
D7:B8:19:BA:5A:37,1710854655
4E:B2:24:BE:07:95,1710854655
5F:20:84:91:57:FE,1710854655
FF:3D:E4:95:ED:EC,1710854655
4F:3E:D1:4E:C3:12,1710854655
2F:52:28:05:ED:76,1710854655
EC:EE:0D:DF:16:56,1710854655
4E:7D:1A:A6:3E:C4,1710854655
4C:3B:A2:0C:1F:49,1710854655
22:44:2E:7D:3B:D2,1710854655
DD:86:9A:BD:8C:C5,1710854655
6C:FE:97:97:FF:F8,1710854655
7F:B4:77:DA:FB:C1,1710854655
70:A8:D3:A8:BF:5F,1710854655
48:74:12:40:6C:08,1710854655
58:7F:7E:08:98:81,1710854672
1E:F1:BD:ED:9D:45,1710854672
0D:FF:95:46:3A:38,1710854672
18:7E:4B:E3:9A:93,1710854672
2E:6C:DB:9E:2A:2B,1710854672
39:F3:15:30:02:EF,1710854672
56:3C:9D:8B:DB:D5,1710854672
77:7A:69:87:01:91,1710854672
11:BE:96:9B:46:9C,1710854672
04:1C:87:16:C2:75,1710854672
5A:14:4B:6B:61:48,1710854672
63:F4:15:33:AB:C5,1710854672
76:40:14:6E:FA:36,1710854672
4C:3B:A2:0C:1F:49,1710854672
51:A2:99:68:63:F1,1710854672
26:99:E5:10:21:C0,1710854672
4C:4E:95:67:8E:0A,1710854672
41:63:56:17:FD:41,1710854672
1A:CB:3D:58:94:72,1710854672
53:09:6F:27:20:9F,1710854672
22:44:2E:7D:3B:D2,1710854672
48:B7:FB:6A:E6:56,1710854672
49:51:49:3F:5B:E5,1710854672
5F:20:84:91:57:FE,1710854672
4E:7D:1A:A6:3E:C4,1710854672
1C:0E:D2:12:26:11,1710854672
12:A6:F8:14:89:10,1710854672
4E:EF:3E:2C:18:6D,1710854672
EA:B3:BC:E6:5A:21,1710854672
C5:39:AD:12:B4:4F,1710854672
40:DB:38:43:25:EA,1710854672
3C:1F:FF:7A:8B:66,1710854672
39:56:80:ED:F1:FD,1710854672
DF:13:87:2E:1F:9B,1710854672
2F:52:28:05:ED:76,1710854672
23:07:08:00:2C:C3,1710854672
76:18:6C:14:F9:12,1710854672
DD:86:9A:BD:8C:C5,1710854672
19:E9:62:F1:98:22,1710854672
FF:3D:E4:95:ED:EC,1710854672
66:1E:D2:9A:D5:14,1710854672
E2:88:62:15:3D:02,1710854672
7F:B4:77:DA:FB:C1,1710854672
06:5E:84:6A:85:14,1710854672
65:55:B3:50:E3:1B,1710854672
48:74:12:40:6C:08,1710854672
70:A8:D3:A8:BF:5F,1710854672
0D:FF:95:46:3A:38,1710854690
DD:86:9A:BD:8C:C5,1710854690
11:BE:96:9B:46:9C,1710854690
51:A2:99:68:63:F1,1710854690
04:1C:87:16:C2:75,1710854690
1C:0E:D2:12:26:11,1710854690
1E:F1:BD:ED:9D:45,1710854690
26:99:E5:10:21:C0,1710854690
2E:6C:DB:9E:2A:2B,1710854690
39:F3:15:30:02:EF,1710854690
22:44:2E:7D:3B:D2,1710854690
66:79:7C:C6:53:F0,1710854690
77:7A:69:87:01:91,1710854690
63:F4:15:33:AB:C5,1710854690
1A:CB:3D:58:94:72,1710854690
EA:B3:BC:E6:5A:21,1710854690
4C:3B:A2:0C:1F:49,1710854690
41:63:56:17:FD:41,1710854690
5F:20:84:91:57:FE,1710854690
4C:4E:95:67:8E:0A,1710854690
49:51:49:3F:5B:E5,1710854690
76:40:14:6E:FA:36,1710854690
58:7F:7E:08:98:81,1710854690
76:18:6C:14:F9:12,1710854690
40:DB:38:43:25:EA,1710854690
56:3C:9D:8B:DB:D5,1710854690
12:A6:F8:14:89:10,1710854690
18:7E:4B:E3:9A:93,1710854690
39:56:80:ED:F1:FD,1710854690
3C:1F:FF:7A:8B:66,1710854690
2F:52:28:05:ED:76,1710854690
53:09:6F:27:20:9F,1710854690
FF:3D:E4:95:ED:EC,1710854690
7B:74:B2:90:9D:A1,1710854690
7F:B4:77:DA:FB:C1,1710854690
4F:3E:D1:4E:C3:12,1710854690
C6:B6:52:BD:0E:2E,1710854690
E2:88:62:15:3D:02,1710854690
19:E9:62:F1:98:22,1710854690
EC:EE:0D:DF:16:56,1710854690
48:F6:DB:0A:4E:18,1710854690
6C:FE:97:97:FF:F8,1710854690
4E:B2:24:BE:07:95,1710854690
50:28:4A:D0:D7:10,1710854690
70:A8:D3:A8:BF:5F,1710854690
48:74:12:40:6C:08,1710854690
4C:4E:95:67:8E:0A,1710854709
39:F3:15:30:02:EF,1710854709
22:44:2E:7D:3B:D2,1710854709
04:1C:87:16:C2:75,1710854709
0D:FF:95:46:3A:38,1710854709
66:79:7C:C6:53:F0,1710854709
11:BE:96:9B:46:9C,1710854709
2E:6C:DB:9E:2A:2B,1710854709
12:A6:F8:14:89:10,1710854709
77:7A:69:87:01:91,1710854709
4C:3B:A2:0C:1F:49,1710854709
23:07:08:00:2C:C3,1710854709
1C:0E:D2:12:26:11,1710854709
5F:20:84:91:57:FE,1710854709
1E:F1:BD:ED:9D:45,1710854709
56:3C:9D:8B:DB:D5,1710854709
41:63:56:17:FD:41,1710854709
1A:CB:3D:58:94:72,1710854709
51:A2:99:68:63:F1,1710854709
63:F4:15:33:AB:C5,1710854709
FF:3D:E4:95:ED:EC,1710854709
58:7F:7E:08:98:81,1710854709
4F:3E:D1:4E:C3:12,1710854709
EA:B3:BC:E6:5A:21,1710854709
26:99:E5:10:21:C0,1710854709
53:09:6F:27:20:9F,1710854709
C6:B6:52:BD:0E:2E,1710854709
76:40:14:6E:FA:36,1710854709
39:56:80:ED:F1:FD,1710854709
76:18:6C:14:F9:12,1710854709
37:1E:11:9B:D0:39,1710854709
07:C1:A8:E9:CC:EB,1710854709
18:7E:4B:E3:9A:93,1710854709
EC:EE:0D:DF:16:56,1710854709
49:51:49:3F:5B:E5,1710854709
48:F6:DB:0A:4E:18,1710854709
7F:B4:77:DA:FB:C1,1710854709
3C:1F:FF:7A:8B:66,1710854709
6C:FE:97:97:FF:F8,1710854709
06:5E:84:6A:85:14,1710854709
2F:52:28:05:ED:76,1710854709
70:A8:D3:A8:BF:5F,1710854709
48:74:12:40:6C:08,1710854709
0A:6D:3A:B0:D3:41,1710854731
22:44:2E:7D:3B:D2,1710854731
04:1C:87:16:C2:75,1710854731
2E:6C:DB:9E:2A:2B,1710854731
1A:CB:3D:58:94:72,1710854731
39:F3:15:30:02:EF,1710854731
C6:B6:52:BD:0E:2E,1710854731
1C:0E:D2:12:26:11,1710854731
4C:4E:95:67:8E:0A,1710854731
23:07:08:00:2C:C3,1710854731
51:A2:99:68:63:F1,1710854731
11:BE:96:9B:46:9C,1710854731
1E:F1:BD:ED:9D:45,1710854731
EC:EE:0D:DF:16:56,1710854731
5F:20:84:91:57:FE,1710854731
41:63:56:17:FD:41,1710854731
63:F4:15:33:AB:C5,1710854731
58:7F:7E:08:98:81,1710854731
77:7A:69:87:01:91,1710854731
0D:FF:95:46:3A:38,1710854731
4C:3B:A2:0C:1F:49,1710854731
4E:B2:24:BE:07:95,1710854731
56:3C:9D:8B:DB:D5,1710854731
66:79:7C:C6:53:F0,1710854731
7B:74:B2:90:9D:A1,1710854731
26:99:E5:10:21:C0,1710854731
40:DB:38:43:25:EA,1710854731
E2:88:62:15:3D:02,1710854731
76:40:14:6E:FA:36,1710854731
49:51:49:3F:5B:E5,1710854731
53:09:6F:27:20:9F,1710854731
15:C1:8F:51:D6:28,1710854731
07:C1:A8:E9:CC:EB,1710854731
12:A6:F8:14:89:10,1710854731
EA:B3:BC:E6:5A:21,1710854731
06:5E:84:6A:85:14,1710854731
2F:52:28:05:ED:76,1710854731
48:F6:DB:0A:4E:18,1710854731
0E:7C:8A:92:A8:79,1710854731
4F:3E:D1:4E:C3:12,1710854731
DF:13:87:2E:1F:9B,1710854731
18:7E:4B:E3:9A:93,1710854731
3C:1F:FF:7A:8B:66,1710854731
76:18:6C:14:F9:12,1710854731
65:55:B3:50:E3:1B,1710854731
70:A8:D3:A8:BF:5F,1710854731
48:74:12:40:6C:08,1710854731
12:A6:F8:14:89:10,1710854750
23:32:7F:6E:48:58,1710854750
1E:F1:BD:ED:9D:45,1710854750
58:7F:7E:08:98:81,1710854750
C6:B6:52:BD:0E:2E,1710854750
22:44:2E:7D:3B:D2,1710854750
04:1C:87:16:C2:75,1710854750
2E:6C:DB:9E:2A:2B,1710854750
1C:0E:D2:12:26:11,1710854750
41:63:56:17:FD:41,1710854750
77:7A:69:87:01:91,1710854750
11:BE:96:9B:46:9C,1710854750
66:79:7C:C6:53:F0,1710854750
1A:CB:3D:58:94:72,1710854750
26:99:E5:10:21:C0,1710854750
4C:4E:95:67:8E:0A,1710854750
51:A2:99:68:63:F1,1710854750
56:3C:9D:8B:DB:D5,1710854750
7B:74:B2:90:9D:A1,1710854750
39:F3:15:30:02:EF,1710854750
49:51:49:3F:5B:E5,1710854750
76:40:14:6E:FA:36,1710854750
5F:20:84:91:57:FE,1710854750
4C:3B:A2:0C:1F:49,1710854750
15:C1:8F:51:D6:28,1710854750
40:DB:38:43:25:EA,1710854750
E2:88:62:15:3D:02,1710854750
63:F4:15:33:AB:C5,1710854750
23:07:08:00:2C:C3,1710854750
DD:86:9A:BD:8C:C5,1710854750
18:7E:4B:E3:9A:93,1710854750
EA:B3:BC:E6:5A:21,1710854750
2F:52:28:05:ED:76,1710854750
3C:1F:FF:7A:8B:66,1710854750
53:09:6F:27:20:9F,1710854750
48:F6:DB:0A:4E:18,1710854750
0A:6D:3A:B0:D3:41,1710854750
7F:B4:77:DA:FB:C1,1710854750
FF:3D:E4:95:ED:EC,1710854750
07:C1:A8:E9:CC:EB,1710854750
37:5B:25:00:54:A9,1710854750
4E:B2:24:BE:07:95,1710854750
EC:EE:0D:DF:16:56,1710854750
4F:3E:D1:4E:C3:12,1710854750
76:18:6C:14:F9:12,1710854750
70:A8:D3:A8:BF:5F,1710854750
50:28:4A:D0:D7:10,1710854750
48:74:12:40:6C:08,1710854750
77:7A:69:87:01:91,1710854775
58:7F:7E:08:98:81,1710854775
04:1C:87:16:C2:75,1710854775
63:F4:15:33:AB:C5,1710854775
2E:6C:DB:9E:2A:2B,1710854775
66:79:7C:C6:53:F0,1710854775
11:BE:96:9B:46:9C,1710854775
FF:3D:E4:95:ED:EC,1710854775
39:F3:15:30:02:EF,1710854775
1E:F1:BD:ED:9D:45,1710854775
4C:4E:95:67:8E:0A,1710854775
1A:CB:3D:58:94:72,1710854775
51:A2:99:68:63:F1,1710854775
12:A6:F8:14:89:10,1710854775
1C:0E:D2:12:26:11,1710854775
23:32:7F:6E:48:58,1710854775
49:51:49:3F:5B:E5,1710854775
EA:B3:BC:E6:5A:21,1710854775
56:3C:9D:8B:DB:D5,1710854775
18:7E:4B:E3:9A:93,1710854775
C6:B6:52:BD:0E:2E,1710854775
7F:B4:77:DA:FB:C1,1710854775
26:99:E5:10:21:C0,1710854775
4C:3B:A2:0C:1F:49,1710854775
41:63:56:17:FD:41,1710854775
3C:1F:FF:7A:8B:66,1710854775
5F:20:84:91:57:FE,1710854775
40:DB:38:43:25:EA,1710854775
48:F6:DB:0A:4E:18,1710854775
2F:52:28:05:ED:76,1710854775
15:C1:8F:51:D6:28,1710854775
22:44:2E:7D:3B:D2,1710854775
0E:7C:8A:92:A8:79,1710854775
53:09:6F:27:20:9F,1710854775
FE:73:E6:B1:3F:CC,1710854775
76:18:6C:14:F9:12,1710854775
23:07:08:00:2C:C3,1710854775
37:5B:25:00:54:A9,1710854775
7B:74:B2:90:9D:A1,1710854775
76:40:14:6E:FA:36,1710854775
E2:88:62:15:3D:02,1710854775
07:C1:A8:E9:CC:EB,1710854775
EC:EE:0D:DF:16:56,1710854775
DD:86:9A:BD:8C:C5,1710854775
4F:3E:D1:4E:C3:12,1710854775
65:55:B3:50:E3:1B,1710854775
70:A8:D3:A8:BF:5F,1710854775
48:74:12:40:6C:08,1710854775
50:28:4A:D0:D7:10,1710854775
77:7A:69:87:01:91,1710854798
39:F3:15:30:02:EF,1710854798
1E:F1:BD:ED:9D:45,1710854798
56:3C:9D:8B:DB:D5,1710854798
DF:13:87:2E:1F:9B,1710854798
2F:52:28:05:ED:76,1710854798
2E:6C:DB:9E:2A:2B,1710854798
7B:74:B2:90:9D:A1,1710854798
1C:0E:D2:12:26:11,1710854798
12:A6:F8:14:89:10,1710854798
23:32:7F:6E:48:58,1710854798
7F:B4:77:DA:FB:C1,1710854798
11:BE:96:9B:46:9C,1710854798
1A:CB:3D:58:94:72,1710854798
40:DB:38:43:25:EA,1710854798
76:40:14:6E:FA:36,1710854798
07:C1:A8:E9:CC:EB,1710854798
49:51:49:3F:5B:E5,1710854798
4C:3B:A2:0C:1F:49,1710854798
4C:4E:95:67:8E:0A,1710854798
63:F4:15:33:AB:C5,1710854798
66:79:7C:C6:53:F0,1710854798
58:7F:7E:08:98:81,1710854798
4F:3E:D1:4E:C3:12,1710854798
D7:B8:19:BA:5A:37,1710854798
26:99:E5:10:21:C0,1710854798
58:7A:0C:FB:B8:62,1710854798
74:99:A2:7C:E6:F5,1710854798
22:44:2E:7D:3B:D2,1710854798
04:1C:87:16:C2:75,1710854798
23:07:08:00:2C:C3,1710854798
51:A2:99:68:63:F1,1710854798
15:C1:8F:51:D6:28,1710854798
5F:20:84:91:57:FE,1710854798
41:63:56:17:FD:41,1710854798
C6:B6:52:BD:0E:2E,1710854798
53:09:6F:27:20:9F,1710854798
0A:6D:3A:B0:D3:41,1710854798
66:1E:D2:9A:D5:14,1710854798
3C:1F:FF:7A:8B:66,1710854798
E2:88:62:15:3D:02,1710854798
18:7E:4B:E3:9A:93,1710854798
76:18:6C:14:F9:12,1710854798
48:F6:DB:0A:4E:18,1710854798
65:55:B3:50:E3:1B,1710854798
FF:3D:E4:95:ED:EC,1710854798
EA:B3:BC:E6:5A:21,1710854798
94:54:CE:9A:00:44,1710854798
70:A8:D3:A8:BF:5F,1710854798
48:74:12:40:6C:08,1710854798
D0:49:7C:96:7A:3D,1710854798
50:28:4A:D0:D7:10,1710854798
4F:3E:D1:4E:C3:12,1710854819
23:32:7F:6E:48:58,1710854819
2D:3D:4F:A4:0B:C0,1710854819
04:1C:87:16:C2:75,1710854819
76:40:14:6E:FA:36,1710854819
2E:6C:DB:9E:2A:2B,1710854819
66:79:7C:C6:53:F0,1710854819
1A:CB:3D:58:94:72,1710854819
56:3C:9D:8B:DB:D5,1710854819
1E:F1:BD:ED:9D:45,1710854819
1C:0E:D2:12:26:11,1710854819
39:F3:15:30:02:EF,1710854819
58:7F:7E:08:98:81,1710854819
74:99:A2:7C:E6:F5,1710854819
2F:52:28:05:ED:76,1710854819
7B:74:B2:90:9D:A1,1710854819
51:A2:99:68:63:F1,1710854819
77:7A:69:87:01:91,1710854819
07:C1:A8:E9:CC:EB,1710854819
4C:4E:95:67:8E:0A,1710854819
63:F4:15:33:AB:C5,1710854819
4C:3B:A2:0C:1F:49,1710854819
12:A6:F8:14:89:10,1710854819
66:1E:D2:9A:D5:14,1710854819
41:63:56:17:FD:41,1710854819
DF:13:87:2E:1F:9B,1710854819
3E:B6:B8:92:6A:C1,1710854819
40:DB:38:43:25:EA,1710854819
26:99:E5:10:21:C0,1710854819
E2:88:62:15:3D:02,1710854819
49:51:49:3F:5B:E5,1710854819
DD:86:9A:BD:8C:C5,1710854819
5F:20:84:91:57:FE,1710854819
0A:6D:3A:B0:D3:41,1710854819
7F:B4:77:DA:FB:C1,1710854819
FE:73:E6:B1:3F:CC,1710854819
15:C1:8F:51:D6:28,1710854819
EC:EE:0D:DF:16:56,1710854819
0E:7C:8A:92:A8:79,1710854819
65:55:B3:50:E3:1B,1710854819
3C:1F:FF:7A:8B:66,1710854819
76:18:6C:14:F9:12,1710854819
22:44:2E:7D:3B:D2,1710854819
C6:B6:52:BD:0E:2E,1710854819
D7:B8:19:BA:5A:37,1710854819
23:07:08:00:2C:C3,1710854819
EA:B3:BC:E6:5A:21,1710854819
69:79:FF:F9:C5:7D,1710854819
50:28:4A:D0:D7:10,1710854819
70:A8:D3:A8:BF:5F,1710854819
48:74:12:40:6C:08,1710854819
D0:49:7C:96:7A:3D,1710854819
58:7F:7E:08:98:81,1710854839
41:63:56:17:FD:41,1710854839
12:A6:F8:14:89:10,1710854839
2E:6C:DB:9E:2A:2B,1710854839
22:44:2E:7D:3B:D2,1710854839
1A:CB:3D:58:94:72,1710854839
39:F3:15:30:02:EF,1710854839
1E:F1:BD:ED:9D:45,1710854839
5F:20:84:91:57:FE,1710854839
2D:3D:4F:A4:0B:C0,1710854839
66:1E:D2:9A:D5:14,1710854839
51:A2:99:68:63:F1,1710854839
66:79:7C:C6:53:F0,1710854839
77:7A:69:87:01:91,1710854839
76:40:14:6E:FA:36,1710854839
1C:0E:D2:12:26:11,1710854839
74:99:A2:7C:E6:F5,1710854839
63:F4:15:33:AB:C5,1710854839
23:32:7F:6E:48:58,1710854839
4C:4E:95:67:8E:0A,1710854839
56:3C:9D:8B:DB:D5,1710854839
04:1C:87:16:C2:75,1710854839
06:09:DD:30:95:45,1710854839
23:07:08:00:2C:C3,1710854839
EC:EE:0D:DF:16:56,1710854839
4C:3B:A2:0C:1F:49,1710854839
40:DB:38:43:25:EA,1710854839
15:C1:8F:51:D6:28,1710854839
7B:74:B2:90:9D:A1,1710854839
4F:3E:D1:4E:C3:12,1710854839
D7:B8:19:BA:5A:37,1710854839
40:47:72:76:D9:FA,1710854839
07:C1:A8:E9:CC:EB,1710854839
2F:52:28:05:ED:76,1710854839
69:79:FF:F9:C5:7D,1710854839
EA:B3:BC:E6:5A:21,1710854839
FE:73:E6:B1:3F:CC,1710854839
48:F6:DB:0A:4E:18,1710854839
3C:1F:FF:7A:8B:66,1710854839
3E:B6:B8:92:6A:C1,1710854839
0A:6D:3A:B0:D3:41,1710854839
F8:C7:21:0D:15:31,1710854839
E2:88:62:15:3D:02,1710854839
76:18:6C:14:F9:12,1710854839
49:51:49:3F:5B:E5,1710854839
DF:13:87:2E:1F:9B,1710854839
50:28:4A:D0:D7:10,1710854839
D0:49:7C:96:7A:3D,1710854839
48:74:12:40:6C:08,1710854839
70:A8:D3:A8:BF:5F,1710854839
40:47:72:76:D9:FA,1710854865
2E:6C:DB:9E:2A:2B,1710854865
2D:3D:4F:A4:0B:C0,1710854865
04:1C:87:16:C2:75,1710854865
1C:0E:D2:12:26:11,1710854865
1A:CB:3D:58:94:72,1710854865
1E:F1:BD:ED:9D:45,1710854865
23:32:7F:6E:48:58,1710854865
51:A2:99:68:63:F1,1710854865
77:7A:69:87:01:91,1710854865
EA:B3:BC:E6:5A:21,1710854865
58:7F:7E:08:98:81,1710854865
12:A6:F8:14:89:10,1710854865
76:40:14:6E:FA:36,1710854865
4C:4E:95:67:8E:0A,1710854865
56:3C:9D:8B:DB:D5,1710854865
39:F3:15:30:02:EF,1710854865
22:44:2E:7D:3B:D2,1710854865
63:F4:15:33:AB:C5,1710854865
4C:3B:A2:0C:1F:49,1710854865
41:63:56:17:FD:41,1710854865
2F:52:28:05:ED:76,1710854865
66:1E:D2:9A:D5:14,1710854865
15:C1:8F:51:D6:28,1710854865
5F:20:84:91:57:FE,1710854865
40:DB:38:43:25:EA,1710854865
7B:74:B2:90:9D:A1,1710854865
E2:88:62:15:3D:02,1710854865
C6:B6:52:BD:0E:2E,1710854865
06:09:DD:30:95:45,1710854865
58:7A:0C:FB:B8:62,1710854865
74:99:A2:7C:E6:F5,1710854865
69:79:FF:F9:C5:7D,1710854865
3E:B6:B8:92:6A:C1,1710854865
0A:6D:3A:B0:D3:41,1710854865
76:18:6C:14:F9:12,1710854865
0E:7C:8A:92:A8:79,1710854865
71:06:2A:D3:CC:14,1710854865
53:09:6F:27:20:9F,1710854865
07:C1:A8:E9:CC:EB,1710854865
49:51:49:3F:5B:E5,1710854865
DD:86:9A:BD:8C:C5,1710854865
48:F6:DB:0A:4E:18,1710854865
3C:1F:FF:7A:8B:66,1710854865
FF:3D:E4:95:ED:EC,1710854865
65:55:B3:50:E3:1B,1710854865
4E:B2:24:BE:07:95,1710854865
48:74:12:40:6C:08,1710854865
D0:49:7C:96:7A:3D,1710854865
58:7F:7E:08:98:81,1710854889
1C:0E:D2:12:26:11,1710854889
2D:3D:4F:A4:0B:C0,1710854889
1A:CB:3D:58:94:72,1710854889
06:09:DD:30:95:45,1710854889
77:7A:69:87:01:91,1710854889
1E:F1:BD:ED:9D:45,1710854889
4C:4E:95:67:8E:0A,1710854889
51:A2:99:68:63:F1,1710854889
5D:CA:E7:37:07:B5,1710854889
40:47:72:76:D9:FA,1710854889
74:99:A2:7C:E6:F5,1710854889
04:1C:87:16:C2:75,1710854889
23:32:7F:6E:48:58,1710854889
40:DB:38:43:25:EA,1710854889
2E:6C:DB:9E:2A:2B,1710854889
41:63:56:17:FD:41,1710854889
39:F3:15:30:02:EF,1710854889
66:1E:D2:9A:D5:14,1710854889
12:A6:F8:14:89:10,1710854889
58:7A:0C:FB:B8:62,1710854889
63:F4:15:33:AB:C5,1710854889
15:C1:8F:51:D6:28,1710854889
5F:20:84:91:57:FE,1710854889
FF:3D:E4:95:ED:EC,1710854889
56:3C:9D:8B:DB:D5,1710854889
FE:73:E6:B1:3F:CC,1710854889
22:44:2E:7D:3B:D2,1710854889
3E:B6:B8:92:6A:C1,1710854889
76:18:6C:14:F9:12,1710854889
EC:EE:0D:DF:16:56,1710854889
4C:3B:A2:0C:1F:49,1710854889
53:09:6F:27:20:9F,1710854889
7B:74:B2:90:9D:A1,1710854889
65:55:B3:50:E3:1B,1710854889
2F:52:28:05:ED:76,1710854889
23:07:08:00:2C:C3,1710854889
E2:88:62:15:3D:02,1710854889
07:C1:A8:E9:CC:EB,1710854889
49:51:49:3F:5B:E5,1710854889
EA:B3:BC:E6:5A:21,1710854889
D7:B8:19:BA:5A:37,1710854889
DD:86:9A:BD:8C:C5,1710854889
4F:3E:D1:4E:C3:12,1710854889
69:79:FF:F9:C5:7D,1710854889
37:5B:25:00:54:A9,1710854889
0A:6D:3A:B0:D3:41,1710854889
70:A8:D3:A8:BF:5F,1710854889
D0:49:7C:96:7A:3D,1710854889
48:74:12:40:6C:08,1710854889
5D:CA:E7:37:07:B5,1710854915
2D:3D:4F:A4:0B:C0,1710854915
51:A2:99:68:63:F1,1710854915
1E:F1:BD:ED:9D:45,1710854915
56:3C:9D:8B:DB:D5,1710854915
1C:0E:D2:12:26:11,1710854915
39:F3:15:30:02:EF,1710854915
2E:6C:DB:9E:2A:2B,1710854915
2F:52:28:05:ED:76,1710854915
12:A6:F8:14:89:10,1710854915
15:C1:8F:51:D6:28,1710854915
63:F4:15:33:AB:C5,1710854915
06:09:DD:30:95:45,1710854915
1A:CB:3D:58:94:72,1710854915
DF:13:87:2E:1F:9B,1710854915
40:47:72:76:D9:FA,1710854915
23:32:7F:6E:48:58,1710854915
04:1C:87:16:C2:75,1710854915
77:7A:69:87:01:91,1710854915
4C:4E:95:67:8E:0A,1710854915
41:63:56:17:FD:41,1710854915
69:79:FF:F9:C5:7D,1710854915
53:09:6F:27:20:9F,1710854915
58:7F:7E:08:98:81,1710854915
49:51:49:3F:5B:E5,1710854915
37:5B:25:00:54:A9,1710854915
3C:1F:FF:7A:8B:66,1710854915
22:44:2E:7D:3B:D2,1710854915
76:18:6C:14:F9:12,1710854915
5F:20:84:91:57:FE,1710854915
48:F6:DB:0A:4E:18,1710854915
66:1E:D2:9A:D5:14,1710854915
74:99:A2:7C:E6:F5,1710854915
23:07:08:00:2C:C3,1710854915
40:DB:38:43:25:EA,1710854915
3E:B6:B8:92:6A:C1,1710854915
7B:93:A2:6C:B9:18,1710854915
C6:B6:52:BD:0E:2E,1710854915
6B:0F:A8:0A:A1:C3,1710854915
4E:B2:24:BE:07:95,1710854915
4C:3B:A2:0C:1F:49,1710854915
EA:B3:BC:E6:5A:21,1710854915
07:C1:A8:E9:CC:EB,1710854915
E2:88:62:15:3D:02,1710854915
58:7A:0C:FB:B8:62,1710854915
DD:86:9A:BD:8C:C5,1710854915
48:74:12:40:6C:08,1710854915
70:A8:D3:A8:BF:5F,1710854915
D0:49:7C:96:7A:3D,1710854915
2D:3D:4F:A4:0B:C0,1710854940
5D:CA:E7:37:07:B5,1710854940
41:63:56:17:FD:41,1710854940
04:1C:87:16:C2:75,1710854940
77:7A:69:87:01:91,1710854940
2E:6C:DB:9E:2A:2B,1710854940
1C:0E:D2:12:26:11,1710854940
1E:F1:BD:ED:9D:45,1710854940
40:47:72:76:D9:FA,1710854940
39:F3:15:30:02:EF,1710854940
36:D1:65:47:1C:CC,1710854940
1A:CB:3D:58:94:72,1710854940
4C:3B:A2:0C:1F:49,1710854940
06:09:DD:30:95:45,1710854940
51:A2:99:68:63:F1,1710854940
48:F6:DB:0A:4E:18,1710854940
23:32:7F:6E:48:58,1710854940
15:C1:8F:51:D6:28,1710854940
3E:B6:B8:92:6A:C1,1710854940
4C:4E:95:67:8E:0A,1710854940
58:7F:7E:08:98:81,1710854940
63:F4:15:33:AB:C5,1710854940
40:DB:38:43:25:EA,1710854940
56:3C:9D:8B:DB:D5,1710854940
DF:13:87:2E:1F:9B,1710854940
22:44:2E:7D:3B:D2,1710854940
07:C1:A8:E9:CC:EB,1710854940
41:50:28:72:D9:B0,1710854940
DD:86:9A:BD:8C:C5,1710854940
EA:B3:BC:E6:5A:21,1710854940
FF:3D:E4:95:ED:EC,1710854940
7F:B4:77:DA:FB:C1,1710854940
49:51:49:3F:5B:E5,1710854940
04:BE:73:1B:92:E0,1710854940
21:16:BE:0B:CD:01,1710854940
53:09:6F:27:20:9F,1710854940
2F:52:28:05:ED:76,1710854940
0A:6D:3A:B0:D3:41,1710854940
E2:88:62:15:3D:02,1710854940
23:07:08:00:2C:C3,1710854940
5F:20:84:91:57:FE,1710854940
69:79:FF:F9:C5:7D,1710854940
4E:83:7A:91:82:65,1710854940
48:74:12:40:6C:08,1710854940
70:A8:D3:A8:BF:5F,1710854940
D0:49:7C:96:7A:3D,1710854940
51:A2:99:68:63:F1,1710854963
63:F4:15:33:AB:C5,1710854963
22:44:2E:7D:3B:D2,1710854963
69:79:FF:F9:C5:7D,1710854963
2D:3D:4F:A4:0B:C0,1710854963
2E:6C:DB:9E:2A:2B,1710854963
33:A2:0C:1F:66:EC,1710854963
1A:CB:3D:58:94:72,1710854963
39:F3:15:30:02:EF,1710854963
1C:0E:D2:12:26:11,1710854963
41:63:56:17:FD:41,1710854963
40:47:72:76:D9:FA,1710854963
15:C1:8F:51:D6:28,1710854963
5D:CA:E7:37:07:B5,1710854963
04:1C:87:16:C2:75,1710854963
23:32:7F:6E:48:58,1710854963
4C:06:1F:D8:0B:A1,1710854963
2F:52:28:05:ED:76,1710854963
06:09:DD:30:95:45,1710854963
48:F6:DB:0A:4E:18,1710854963
56:3C:9D:8B:DB:D5,1710854963
4C:4E:95:67:8E:0A,1710854963
EA:B3:BC:E6:5A:21,1710854963
77:7A:69:87:01:91,1710854963
36:D1:65:47:1C:CC,1710854963
4E:B2:24:BE:07:95,1710854963
41:50:28:72:D9:B0,1710854963
53:09:6F:27:20:9F,1710854963
40:DB:38:43:25:EA,1710854963
DF:13:87:2E:1F:9B,1710854963
3E:B6:B8:92:6A:C1,1710854963
C6:B6:52:BD:0E:2E,1710854963
7F:B4:77:DA:FB:C1,1710854963
07:C1:A8:E9:CC:EB,1710854963
65:55:B3:50:E3:1B,1710854963
FF:3D:E4:95:ED:EC,1710854963
4C:3B:A2:0C:1F:49,1710854963
5F:20:84:91:57:FE,1710854963
23:07:08:00:2C:C3,1710854963
49:51:49:3F:5B:E5,1710854963
0A:6D:3A:B0:D3:41,1710854963
37:5B:25:00:54:A9,1710854963
FE:73:E6:B1:3F:CC,1710854963
E2:88:62:15:3D:02,1710854963
DD:86:9A:BD:8C:C5,1710854963
48:74:12:40:6C:08,1710854963
50:28:4A:D0:D7:10,1710854963
70:A8:D3:A8:BF:5F,1710854963
77:7A:69:87:01:91,1710854981
15:C1:8F:51:D6:28,1710854981
63:F4:15:33:AB:C5,1710854981
51:A2:99:68:63:F1,1710854981
04:1C:87:16:C2:75,1710854981
46:7D:FB:47:57:FD,1710854981
1C:0E:D2:12:26:11,1710854981
2D:3D:4F:A4:0B:C0,1710854981
41:63:56:17:FD:41,1710854981
4C:4E:95:67:8E:0A,1710854981
1A:CB:3D:58:94:72,1710854981
23:32:7F:6E:48:58,1710854981
36:D1:65:47:1C:CC,1710854981
33:A2:0C:1F:66:EC,1710854981
EA:B3:BC:E6:5A:21,1710854981
66:1E:D2:9A:D5:14,1710854981
2E:6C:DB:9E:2A:2B,1710854981
39:F3:15:30:02:EF,1710854981
22:44:2E:7D:3B:D2,1710854981
56:3C:9D:8B:DB:D5,1710854981
5D:CA:E7:37:07:B5,1710854981
4C:3B:A2:0C:1F:49,1710854981
06:09:DD:30:95:45,1710854981
4C:06:1F:D8:0B:A1,1710854981
FE:73:E6:B1:3F:CC,1710854981
49:51:49:3F:5B:E5,1710854981
23:07:08:00:2C:C3,1710854981
07:C1:A8:E9:CC:EB,1710854981
69:79:FF:F9:C5:7D,1710854981
5F:20:84:91:57:FE,1710854981
53:09:6F:27:20:9F,1710854981
2F:52:28:05:ED:76,1710854981
21:16:BE:0B:CD:01,1710854981
FF:3D:E4:95:ED:EC,1710854981
74:99:A2:7C:E6:F5,1710854981
3E:B6:B8:92:6A:C1,1710854981
0A:6D:3A:B0:D3:41,1710854981
40:DB:38:43:25:EA,1710854981
7F:B4:77:DA:FB:C1,1710854981
41:50:28:72:D9:B0,1710854981
58:7A:0C:FB:B8:62,1710854981
04:BE:73:1B:92:E0,1710854981
4E:B2:24:BE:07:95,1710854981
E2:88:62:15:3D:02,1710854981
50:28:4A:D0:D7:10,1710854981
48:74:12:40:6C:08,1710854981
70:A8:D3:A8:BF:5F,1710854981
41:63:56:17:FD:41,1710854999
2E:6C:DB:9E:2A:2B,1710854999
06:09:DD:30:95:45,1710854999
EA:B3:BC:E6:5A:21,1710854999
33:A2:0C:1F:66:EC,1710854999
2D:3D:4F:A4:0B:C0,1710854999
36:D1:65:47:1C:CC,1710854999
5D:CA:E7:37:07:B5,1710854999
39:F3:15:30:02:EF,1710854999
66:1E:D2:9A:D5:14,1710854999
04:1C:87:16:C2:75,1710854999
02:21:0F:C1:B3:25,1710854999
1A:CB:3D:58:94:72,1710854999
5F:20:84:91:57:FE,1710854999
22:44:2E:7D:3B:D2,1710854999
4C:4E:95:67:8E:0A,1710854999
4C:06:1F:D8:0B:A1,1710854999
23:32:7F:6E:48:58,1710854999
40:DB:38:43:25:EA,1710854999
E2:88:62:15:3D:02,1710854999
15:C1:8F:51:D6:28,1710854999
56:3C:9D:8B:DB:D5,1710854999
4C:3B:A2:0C:1F:49,1710854999
77:7A:69:87:01:91,1710854999
51:A2:99:68:63:F1,1710854999
46:7D:FB:47:57:FD,1710854999
63:F4:15:33:AB:C5,1710854999
6E:05:D7:4C:65:85,1710854999
7A:F9:C1:2C:8F:1D,1710854999
2F:52:28:05:ED:76,1710854999
52:07:3E:B0:9A:C1,1710854999
DD:86:9A:BD:8C:C5,1710854999
74:99:A2:7C:E6:F5,1710854999
7F:B4:77:DA:FB:C1,1710854999
49:51:49:3F:5B:E5,1710854999
53:09:6F:27:20:9F,1710854999
41:50:28:72:D9:B0,1710854999
07:C1:A8:E9:CC:EB,1710854999
69:79:FF:F9:C5:7D,1710854999
61:2A:99:48:5C:5E,1710854999
DF:13:87:2E:1F:9B,1710854999
C6:B6:52:BD:0E:2E,1710854999
EC:EE:0D:DF:16:56,1710854999
23:07:08:00:2C:C3,1710854999
4C:CA:0E:7C:06:BF,1710854999
3E:B6:B8:92:6A:C1,1710854999
0A:6D:3A:B0:D3:41,1710854999
70:A8:D3:A8:BF:5F,1710854999
48:74:12:40:6C:08,1710854999
74:99:A2:7C:E6:F5,1710855017
2E:6C:DB:9E:2A:2B,1710855017
46:7D:FB:47:57:FD,1710855017
2D:3D:4F:A4:0B:C0,1710855017
33:A2:0C:1F:66:EC,1710855017
39:F3:15:30:02:EF,1710855017
56:3C:9D:8B:DB:D5,1710855017
5F:20:84:91:57:FE,1710855017
4C:06:1F:D8:0B:A1,1710855017
41:63:56:17:FD:41,1710855017
06:09:DD:30:95:45,1710855017
36:D1:65:47:1C:CC,1710855017
02:21:0F:C1:B3:25,1710855017
15:C1:8F:51:D6:28,1710855017
5D:CA:E7:37:07:B5,1710855017
EA:B3:BC:E6:5A:21,1710855017
7A:F9:C1:2C:8F:1D,1710855017
1A:CB:3D:58:94:72,1710855017
4C:3B:A2:0C:1F:49,1710855017
23:32:7F:6E:48:58,1710855017
22:44:2E:7D:3B:D2,1710855017
FE:73:E6:B1:3F:CC,1710855017
04:1C:87:16:C2:75,1710855017
77:7A:69:87:01:91,1710855017
DB:C5:FA:7E:B1:F8,1710855017
63:F4:15:33:AB:C5,1710855017
E2:88:62:15:3D:02,1710855017
4C:4E:95:67:8E:0A,1710855017
6E:05:D7:4C:65:85,1710855017
52:07:3E:B0:9A:C1,1710855017
DF:13:87:2E:1F:9B,1710855017
23:07:08:00:2C:C3,1710855017
49:51:49:3F:5B:E5,1710855017
51:A2:99:68:63:F1,1710855017
C6:B6:52:BD:0E:2E,1710855017
0A:6D:3A:B0:D3:41,1710855017
66:1E:D2:9A:D5:14,1710855017
41:50:28:72:D9:B0,1710855017
6B:0F:A8:0A:A1:C3,1710855017
3E:B6:B8:92:6A:C1,1710855017
40:DB:38:43:25:EA,1710855017
C6:DC:35:9B:64:B4,1710855017
7F:B4:77:DA:FB:C1,1710855017
69:79:FF:F9:C5:7D,1710855017
E1:CE:83:FC:D5:98,1710855017
2F:52:28:05:ED:76,1710855017
68:AE:14:BC:94:ED,1710855017
55:C8:C1:51:82:69,1710855017
70:A8:D3:A8:BF:5F,1710855017
50:28:4A:D0:D7:10,1710855017
48:74:12:40:6C:08,1710855017
40:DB:38:43:25:EA,1710855036
E8:79:DE:CA:38:27,1710855036
22:44:2E:7D:3B:D2,1710855036
4C:06:1F:D8:0B:A1,1710855036
33:A2:0C:1F:66:EC,1710855036
02:21:0F:C1:B3:25,1710855036
66:1E:D2:9A:D5:14,1710855036
74:99:A2:7C:E6:F5,1710855036
39:F3:15:30:02:EF,1710855036
56:3C:9D:8B:DB:D5,1710855036
23:32:7F:6E:48:58,1710855036
2D:3D:4F:A4:0B:C0,1710855036
2E:6C:DB:9E:2A:2B,1710855036
5D:CA:E7:37:07:B5,1710855036
04:1C:87:16:C2:75,1710855036
77:7A:69:87:01:91,1710855036
41:63:56:17:FD:41,1710855036
1A:CB:3D:58:94:72,1710855036
46:7D:FB:47:57:FD,1710855036
52:07:3E:B0:9A:C1,1710855036
2F:52:28:05:ED:76,1710855036
4C:4E:95:67:8E:0A,1710855036
6E:05:D7:4C:65:85,1710855036
63:F4:15:33:AB:C5,1710855036
C3:08:9E:B1:83:8A,1710855036
51:A2:99:68:63:F1,1710855036
36:D1:65:47:1C:CC,1710855036
DB:C5:FA:7E:B1:F8,1710855036
06:09:DD:30:95:45,1710855036
C6:B6:52:BD:0E:2E,1710855036
E1:CE:83:FC:D5:98,1710855036
4C:3B:A2:0C:1F:49,1710855036
3E:B6:B8:92:6A:C1,1710855036
69:79:FF:F9:C5:7D,1710855036
5F:20:84:91:57:FE,1710855036
15:C1:8F:51:D6:28,1710855036
41:50:28:72:D9:B0,1710855036
0A:6D:3A:B0:D3:41,1710855036
7A:F9:C1:2C:8F:1D,1710855036
7D:93:B8:67:4D:04,1710855036
C6:DC:35:9B:64:B4,1710855036
23:07:08:00:2C:C3,1710855036
58:7A:0C:FB:B8:62,1710855036
DD:86:9A:BD:8C:C5,1710855036
49:51:49:3F:5B:E5,1710855036
49:A9:15:52:BB:3D,1710855036
07:C1:A8:E9:CC:EB,1710855036
61:2A:99:48:5C:5E,1710855036
41:73:4F:C7:CD:3D,1710855036
04:BE:73:1B:92:E0,1710855036
50:28:4A:D0:D7:10,1710855036
70:A8:D3:A8:BF:5F,1710855036
48:74:12:40:6C:08,1710855036
46:7D:FB:47:57:FD,1710855054
5D:CA:E7:37:07:B5,1710855054
04:1C:87:16:C2:75,1710855054
2D:3D:4F:A4:0B:C0,1710855054
33:A2:0C:1F:66:EC,1710855054
1A:CB:3D:58:94:72,1710855054
02:21:0F:C1:B3:25,1710855054
56:3C:9D:8B:DB:D5,1710855054
41:63:56:17:FD:41,1710855054
2E:6C:DB:9E:2A:2B,1710855054
63:F4:15:33:AB:C5,1710855054
06:09:DD:30:95:45,1710855054
77:7A:69:87:01:91,1710855054
62:DC:36:63:BC:99,1710855054
22:44:2E:7D:3B:D2,1710855054
36:D1:65:47:1C:CC,1710855054
2F:52:28:05:ED:76,1710855054
4C:06:1F:D8:0B:A1,1710855054
15:C1:8F:51:D6:28,1710855054
41:50:28:72:D9:B0,1710855054
39:F3:15:30:02:EF,1710855054
E1:CE:83:FC:D5:98,1710855054
DB:C5:FA:7E:B1:F8,1710855054
4C:4E:95:67:8E:0A,1710855054
5F:20:84:91:57:FE,1710855054
E8:79:DE:CA:38:27,1710855054
51:A2:99:68:63:F1,1710855054
DD:86:9A:BD:8C:C5,1710855054
6E:05:D7:4C:65:85,1710855054
C6:DC:35:9B:64:B4,1710855054
7A:F9:C1:2C:8F:1D,1710855054
23:32:7F:6E:48:58,1710855054
23:07:08:00:2C:C3,1710855054
4C:3B:A2:0C:1F:49,1710855054
6B:0F:A8:0A:A1:C3,1710855054
49:51:49:3F:5B:E5,1710855054
69:79:FF:F9:C5:7D,1710855054
3E:B6:B8:92:6A:C1,1710855054
04:BE:73:1B:92:E0,1710855054
0A:6D:3A:B0:D3:41,1710855054
C6:B6:52:BD:0E:2E,1710855054
07:C1:A8:E9:CC:EB,1710855054
40:DB:38:43:25:EA,1710855054
52:07:3E:B0:9A:C1,1710855054
49:A9:15:52:BB:3D,1710855054
C3:08:9E:B1:83:8A,1710855054
7F:B4:77:DA:FB:C1,1710855054
21:16:BE:0B:CD:01,1710855054
48:74:12:40:6C:08,1710855054
50:28:4A:D0:D7:10,1710855054
70:A8:D3:A8:BF:5F,1710855054
5D:CA:E7:37:07:B5,1710855077
41:63:56:17:FD:41,1710855077
2E:6C:DB:9E:2A:2B,1710855077
DB:C5:FA:7E:B1:F8,1710855077
02:21:0F:C1:B3:25,1710855077
2D:3D:4F:A4:0B:C0,1710855077
1A:CB:3D:58:94:72,1710855077
33:A2:0C:1F:66:EC,1710855077
4C:3B:A2:0C:1F:49,1710855077
39:F3:15:30:02:EF,1710855077
56:3C:9D:8B:DB:D5,1710855077
5F:20:84:91:57:FE,1710855077
77:7A:69:87:01:91,1710855077
36:D1:65:47:1C:CC,1710855077
46:7D:FB:47:57:FD,1710855077
04:1C:87:16:C2:75,1710855077
15:C1:8F:51:D6:28,1710855077
62:DC:36:63:BC:99,1710855077
06:09:DD:30:95:45,1710855077
23:32:7F:6E:48:58,1710855077
4C:4E:95:67:8E:0A,1710855077
51:A2:99:68:63:F1,1710855077
22:44:2E:7D:3B:D2,1710855077
4C:06:1F:D8:0B:A1,1710855077
23:07:08:00:2C:C3,1710855077
63:F4:15:33:AB:C5,1710855077
07:C1:A8:E9:CC:EB,1710855077
3E:B6:B8:92:6A:C1,1710855077
E8:79:DE:CA:38:27,1710855077
69:79:FF:F9:C5:7D,1710855077
DF:13:87:2E:1F:9B,1710855077
49:A9:15:52:BB:3D,1710855077
0A:6D:3A:B0:D3:41,1710855077
C6:B6:52:BD:0E:2E,1710855077
E1:CE:83:FC:D5:98,1710855077
2F:52:28:05:ED:76,1710855077
C7:EA:1D:2B:51:94,1710855077
21:16:BE:0B:CD:01,1710855077
52:07:3E:B0:9A:C1,1710855077
5C:FA:10:6B:B8:BD,1710855077
C6:DC:35:9B:64:B4,1710855077
40:DB:38:43:25:EA,1710855077
49:51:49:3F:5B:E5,1710855077
48:74:12:40:6C:08,1710855077
70:A8:D3:A8:BF:5F,1710855077
02:21:0F:C1:B3:25,1710855101
22:44:2E:7D:3B:D2,1710855101
41:63:56:17:FD:41,1710855101
5D:CA:E7:37:07:B5,1710855101
2E:6C:DB:9E:2A:2B,1710855101
04:1C:87:16:C2:75,1710855101
00:2B:29:20:94:1C,1710855101
33:A2:0C:1F:66:EC,1710855101
46:7D:FB:47:57:FD,1710855101
4C:3B:A2:0C:1F:49,1710855101
63:F4:15:33:AB:C5,1710855101
4C:06:1F:D8:0B:A1,1710855101
56:3C:9D:8B:DB:D5,1710855101
36:D1:65:47:1C:CC,1710855101
2D:3D:4F:A4:0B:C0,1710855101
23:32:7F:6E:48:58,1710855101
06:09:DD:30:95:45,1710855101
C7:EA:1D:2B:51:94,1710855101
40:DB:38:43:25:EA,1710855101
4C:4E:95:67:8E:0A,1710855101
15:C1:8F:51:D6:28,1710855101
77:7A:69:87:01:91,1710855101
1A:CB:3D:58:94:72,1710855101
51:A2:99:68:63:F1,1710855101
41:50:28:72:D9:B0,1710855101
5F:20:84:91:57:FE,1710855101
23:07:08:00:2C:C3,1710855101
DB:C5:FA:7E:B1:F8,1710855101
62:DC:36:63:BC:99,1710855101
C6:DC:35:9B:64:B4,1710855101
07:C1:A8:E9:CC:EB,1710855101
04:BE:73:1B:92:E0,1710855101
52:07:3E:B0:9A:C1,1710855101
69:79:FF:F9:C5:7D,1710855101
4D:87:42:54:6D:82,1710855101
0A:6D:3A:B0:D3:41,1710855101
FE:73:E6:B1:3F:CC,1710855101
E8:79:DE:CA:38:27,1710855101
2F:52:28:05:ED:76,1710855101
37:5B:25:00:54:A9,1710855101
7F:B4:77:DA:FB:C1,1710855101
49:51:49:3F:5B:E5,1710855101
DD:86:9A:BD:8C:C5,1710855101
3E:B6:B8:92:6A:C1,1710855101
21:16:BE:0B:CD:01,1710855101
49:A9:15:52:BB:3D,1710855101
7D:25:10:E2:38:18,1710855101
70:A8:D3:A8:BF:5F,1710855101
48:74:12:40:6C:08,1710855101
67:06:D1:16:3B:F4,1710855118
63:F4:15:33:AB:C5,1710855118
2A:A3:61:28:D1:FD,1710855118
33:A2:0C:1F:66:EC,1710855118
00:2B:29:20:94:1C,1710855118
77:7A:69:87:01:91,1710855118
51:A2:99:68:63:F1,1710855118
02:21:0F:C1:B3:25,1710855118
2E:6C:DB:9E:2A:2B,1710855118
4C:06:1F:D8:0B:A1,1710855118
43:B8:25:3E:2C:56,1710855118
2D:3D:4F:A4:0B:C0,1710855118
5D:CA:E7:37:07:B5,1710855118
22:44:2E:7D:3B:D2,1710855118
56:3C:9D:8B:DB:D5,1710855118
1A:CB:3D:58:94:72,1710855118
06:09:DD:30:95:45,1710855118
4C:3B:A2:0C:1F:49,1710855118
15:C1:8F:51:D6:28,1710855118
36:D1:65:47:1C:CC,1710855118
62:DC:36:63:BC:99,1710855118
23:32:7F:6E:48:58,1710855118
4C:4E:95:67:8E:0A,1710855118
41:50:28:72:D9:B0,1710855118
3E:B6:B8:92:6A:C1,1710855118
DF:13:87:2E:1F:9B,1710855118
7D:25:10:E2:38:18,1710855118
07:C1:A8:E9:CC:EB,1710855118
E1:CE:83:FC:D5:98,1710855118
49:A9:15:52:BB:3D,1710855118
21:16:BE:0B:CD:01,1710855118
49:51:49:3F:5B:E5,1710855118
52:07:3E:B0:9A:C1,1710855118
C7:EA:1D:2B:51:94,1710855118
C6:DC:35:9B:64:B4,1710855118
4D:87:42:54:6D:82,1710855118
7F:B4:77:DA:FB:C1,1710855118
2F:52:28:05:ED:76,1710855118
E8:79:DE:CA:38:27,1710855118
C6:B6:52:BD:0E:2E,1710855118
DD:86:9A:BD:8C:C5,1710855118
5F:20:84:91:57:FE,1710855118
23:07:08:00:2C:C3,1710855118
42:5A:9B:E1:71:09,1710855118
0A:6D:3A:B0:D3:41,1710855118
48:74:12:40:6C:08,1710855118
70:A8:D3:A8:BF:5F,1710855118
51:A2:99:68:63:F1,1710855138
02:21:0F:C1:B3:25,1710855138
5F:20:84:91:57:FE,1710855138
49:51:49:3F:5B:E5,1710855138
2D:3D:4F:A4:0B:C0,1710855138
E8:79:DE:CA:38:27,1710855138
7D:25:10:E2:38:18,1710855138
41:50:28:72:D9:B0,1710855138
C6:B6:52:BD:0E:2E,1710855138
33:A2:0C:1F:66:EC,1710855138
23:32:7F:6E:48:58,1710855138
63:F4:15:33:AB:C5,1710855138
5D:CA:E7:37:07:B5,1710855138
2A:A3:61:28:D1:FD,1710855138
43:B8:25:3E:2C:56,1710855138
00:2B:29:20:94:1C,1710855138
62:DC:36:63:BC:99,1710855138
67:06:D1:16:3B:F4,1710855138
DB:C5:FA:7E:B1:F8,1710855138
2E:6C:DB:9E:2A:2B,1710855138
06:09:DD:30:95:45,1710855138
4C:4E:95:67:8E:0A,1710855138
4C:06:1F:D8:0B:A1,1710855138
22:44:2E:7D:3B:D2,1710855138
36:D1:65:47:1C:CC,1710855138
15:C1:8F:51:D6:28,1710855138
69:12:2B:8E:F9:E0,1710855138
56:3C:9D:8B:DB:D5,1710855138
4C:3B:A2:0C:1F:49,1710855138
E6:DE:77:3C:FB:76,1710855138
1A:CB:3D:58:94:72,1710855138
77:7A:69:87:01:91,1710855138
42:5A:9B:E1:71:09,1710855138
2F:52:28:05:ED:76,1710855138
52:07:3E:B0:9A:C1,1710855138
7F:B4:77:DA:FB:C1,1710855138
3E:B6:B8:92:6A:C1,1710855138
E1:CE:83:FC:D5:98,1710855138
0A:6D:3A:B0:D3:41,1710855138
C6:DC:35:9B:64:B4,1710855138
DD:86:9A:BD:8C:C5,1710855138
07:C1:A8:E9:CC:EB,1710855138
C7:EA:1D:2B:51:94,1710855138
49:A9:15:52:BB:3D,1710855138
50:28:4A:D0:D7:10,1710855138
70:A8:D3:A8:BF:5F,1710855138
48:74:12:40:6C:08,1710855138
4C:06:1F:D8:0B:A1,1710855161
5D:CA:E7:37:07:B5,1710855161
36:D1:65:47:1C:CC,1710855161
63:F4:15:33:AB:C5,1710855161
2E:6C:DB:9E:2A:2B,1710855161
77:7A:69:87:01:91,1710855161
33:A2:0C:1F:66:EC,1710855161
1A:CB:3D:58:94:72,1710855161
23:32:7F:6E:48:58,1710855161
67:06:D1:16:3B:F4,1710855161
00:2B:29:20:94:1C,1710855161
2A:A3:61:28:D1:FD,1710855161
02:21:0F:C1:B3:25,1710855161
62:75:29:11:C3:E0,1710855161
4C:4E:95:67:8E:0A,1710855161
2D:3D:4F:A4:0B:C0,1710855161
06:09:DD:30:95:45,1710855161
43:B8:25:3E:2C:56,1710855161
6D:E6:64:4F:2E:0F,1710855161
DF:13:87:2E:1F:9B,1710855161
E8:79:DE:CA:38:27,1710855161
C6:B6:52:BD:0E:2E,1710855161
62:DC:36:63:BC:99,1710855161
DB:C5:FA:7E:B1:F8,1710855161
51:A2:99:68:63:F1,1710855161
56:3C:9D:8B:DB:D5,1710855161
41:50:28:72:D9:B0,1710855161
DD:86:9A:BD:8C:C5,1710855161
15:C1:8F:51:D6:28,1710855161
4C:3B:A2:0C:1F:49,1710855161
69:12:2B:8E:F9:E0,1710855161
3E:B6:B8:92:6A:C1,1710855161
22:44:2E:7D:3B:D2,1710855161
49:51:49:3F:5B:E5,1710855161
5E:C5:0C:3A:98:AA,1710855161
C7:EA:1D:2B:51:94,1710855161
2F:52:28:05:ED:76,1710855161
37:5B:25:00:54:A9,1710855161
04:BE:73:1B:92:E0,1710855161
51:6F:79:95:92:5B,1710855161
69:79:FF:F9:C5:7D,1710855161
5F:20:84:91:57:FE,1710855161
7F:B4:77:DA:FB:C1,1710855161
07:C1:A8:E9:CC:EB,1710855161
7D:25:10:E2:38:18,1710855161
70:E4:77:66:BF:5B,1710855161
E1:CE:83:FC:D5:98,1710855161
23:07:08:00:2C:C3,1710855161
52:07:3E:B0:9A:C1,1710855161
D1:19:15:7D:ED:BE,1710855161
70:A8:D3:A8:BF:5F,1710855161
48:74:12:40:6C:08,1710855161
2D:3D:4F:A4:0B:C0,1710855181
5D:CA:E7:37:07:B5,1710855181
00:2B:29:20:94:1C,1710855181
06:09:DD:30:95:45,1710855181
4C:06:1F:D8:0B:A1,1710855181
52:07:3E:B0:9A:C1,1710855181
62:DC:36:63:BC:99,1710855181
2E:6C:DB:9E:2A:2B,1710855181
23:32:7F:6E:48:58,1710855181
33:A2:0C:1F:66:EC,1710855181
3E:B6:B8:92:6A:C1,1710855181
1A:CB:3D:58:94:72,1710855181
2A:A3:61:28:D1:FD,1710855181
4C:4E:95:67:8E:0A,1710855181
36:D1:65:47:1C:CC,1710855181
51:A2:99:68:63:F1,1710855181
56:3C:9D:8B:DB:D5,1710855181
77:7A:69:87:01:91,1710855181
43:B8:25:3E:2C:56,1710855181
63:F4:15:33:AB:C5,1710855181
15:C1:8F:51:D6:28,1710855181
23:07:08:00:2C:C3,1710855181
2F:52:28:05:ED:76,1710855181
22:44:2E:7D:3B:D2,1710855181
02:21:0F:C1:B3:25,1710855181
49:51:49:3F:5B:E5,1710855181
E8:79:DE:CA:38:27,1710855181
7D:25:10:E2:38:18,1710855181
C6:B6:52:BD:0E:2E,1710855181
4C:3B:A2:0C:1F:49,1710855181
67:06:D1:16:3B:F4,1710855181
E1:CE:83:FC:D5:98,1710855181
5C:FA:10:6B:B8:BD,1710855181
DB:C5:FA:7E:B1:F8,1710855181
41:50:28:72:D9:B0,1710855181
5F:20:84:91:57:FE,1710855181
07:C1:A8:E9:CC:EB,1710855181
7F:B4:77:DA:FB:C1,1710855181
C7:EA:1D:2B:51:94,1710855181
C6:DC:35:9B:64:B4,1710855181
69:79:FF:F9:C5:7D,1710855181
21:16:BE:0B:CD:01,1710855181
50:28:4A:D0:D7:10,1710855181
70:A8:D3:A8:BF:5F,1710855181
48:74:12:40:6C:08,1710855181
49:51:49:3F:5B:E5,1710855200
41:50:28:72:D9:B0,1710855200
2D:3D:4F:A4:0B:C0,1710855200
2A:A3:61:28:D1:FD,1710855200
33:A2:0C:1F:66:EC,1710855200
02:21:0F:C1:B3:25,1710855200
00:2B:29:20:94:1C,1710855200
5D:CA:E7:37:07:B5,1710855200
51:A2:99:68:63:F1,1710855200
22:44:2E:7D:3B:D2,1710855200
62:DC:36:63:BC:99,1710855200
43:B8:25:3E:2C:56,1710855200
1F:1B:D0:F0:D0:4C,1710855200
23:32:7F:6E:48:58,1710855200
63:F4:15:33:AB:C5,1710855200
36:D1:65:47:1C:CC,1710855200
15:C1:8F:51:D6:28,1710855200
56:3C:9D:8B:DB:D5,1710855200
FC:1C:30:45:6D:89,1710855200
4C:3B:A2:0C:1F:49,1710855200
4C:06:1F:D8:0B:A1,1710855200
1A:CB:3D:58:94:72,1710855200
77:7A:69:87:01:91,1710855200
5F:20:84:91:57:FE,1710855200
4C:4E:95:67:8E:0A,1710855200
3E:B6:B8:92:6A:C1,1710855200
69:79:FF:F9:C5:7D,1710855200
67:06:D1:16:3B:F4,1710855200
E8:79:DE:CA:38:27,1710855200
06:09:DD:30:95:45,1710855200
52:07:3E:B0:9A:C1,1710855200
DB:C5:FA:7E:B1:F8,1710855200
23:07:08:00:2C:C3,1710855200
0A:6D:3A:B0:D3:41,1710855200
07:C1:A8:E9:CC:EB,1710855200
7F:B4:77:DA:FB:C1,1710855200
2F:52:28:05:ED:76,1710855200
04:BE:73:1B:92:E0,1710855200
DF:13:87:2E:1F:9B,1710855200
37:5B:25:00:54:A9,1710855200
FE:73:E6:B1:3F:CC,1710855200
50:28:4A:D0:D7:10,1710855200
48:74:12:40:6C:08,1710855200
70:A8:D3:A8:BF:5F,1710855200
62:DC:36:63:BC:99,1710855223
23:32:7F:6E:48:58,1710855223
1F:1B:D0:F0:D0:4C,1710855223
2A:A3:61:28:D1:FD,1710855223
1A:CB:3D:58:94:72,1710855223
77:7A:69:87:01:91,1710855223
02:21:0F:C1:B3:25,1710855223
33:A2:0C:1F:66:EC,1710855223
15:C1:8F:51:D6:28,1710855223
67:06:D1:16:3B:F4,1710855223
00:2B:29:20:94:1C,1710855223
36:D1:65:47:1C:CC,1710855223
4C:06:1F:D8:0B:A1,1710855223
43:B8:25:3E:2C:56,1710855223
2D:3D:4F:A4:0B:C0,1710855223
51:A2:99:68:63:F1,1710855223
63:F4:15:33:AB:C5,1710855223
4C:3B:A2:0C:1F:49,1710855223
5F:20:84:91:57:FE,1710855223
5D:CA:E7:37:07:B5,1710855223
06:09:DD:30:95:45,1710855223
56:3C:9D:8B:DB:D5,1710855223
FE:73:E6:B1:3F:CC,1710855223
4C:4E:95:67:8E:0A,1710855223
C6:B6:52:BD:0E:2E,1710855223
22:44:2E:7D:3B:D2,1710855223
DB:C5:FA:7E:B1:F8,1710855223
41:50:28:72:D9:B0,1710855223
52:07:3E:B0:9A:C1,1710855223
2F:52:28:05:ED:76,1710855223
3E:B6:B8:92:6A:C1,1710855223
7F:B4:77:DA:FB:C1,1710855223
49:A9:15:52:BB:3D,1710855223
C6:DC:35:9B:64:B4,1710855223
FC:1C:30:45:6D:89,1710855223
23:07:08:00:2C:C3,1710855223
0A:6D:3A:B0:D3:41,1710855223
69:79:FF:F9:C5:7D,1710855223
07:C1:A8:E9:CC:EB,1710855223
7D:25:10:E2:38:18,1710855223
E1:CE:83:FC:D5:98,1710855223
49:51:49:3F:5B:E5,1710855223
04:BE:73:1B:92:E0,1710855223
DF:13:87:2E:1F:9B,1710855223
E8:79:DE:CA:38:27,1710855223
70:A8:D3:A8:BF:5F,1710855223
48:74:12:40:6C:08,1710855223
02:21:0F:C1:B3:25,1710855243
4C:06:1F:D8:0B:A1,1710855243
22:44:2E:7D:3B:D2,1710855243
15:C1:8F:51:D6:28,1710855243
2A:A3:61:28:D1:FD,1710855243
67:06:D1:16:3B:F4,1710855243
2F:52:28:05:ED:76,1710855243
00:2B:29:20:94:1C,1710855243
5D:CA:E7:37:07:B5,1710855243
4C:4E:95:67:8E:0A,1710855243
C6:B6:52:BD:0E:2E,1710855243
51:A2:99:68:63:F1,1710855243
3A:A0:CD:CB:44:BE,1710855243
2D:3D:4F:A4:0B:C0,1710855243
62:DC:36:63:BC:99,1710855243
43:B8:25:3E:2C:56,1710855243
63:F4:15:33:AB:C5,1710855243
36:D1:65:47:1C:CC,1710855243
77:7A:69:87:01:91,1710855243
4C:3B:A2:0C:1F:49,1710855243
1F:1B:D0:F0:D0:4C,1710855243
33:A2:0C:1F:66:EC,1710855243
56:3C:9D:8B:DB:D5,1710855243
06:09:DD:30:95:45,1710855243
23:32:7F:6E:48:58,1710855243
5F:20:84:91:57:FE,1710855243
07:C1:A8:E9:CC:EB,1710855243
52:07:3E:B0:9A:C1,1710855243
E8:79:DE:CA:38:27,1710855243
7D:25:10:E2:38:18,1710855243
5F:85:10:1F:15:18,1710855243
3E:B6:B8:92:6A:C1,1710855243
DB:C5:FA:7E:B1:F8,1710855243
49:51:49:3F:5B:E5,1710855243
DF:13:87:2E:1F:9B,1710855243
16:8B:67:8F:DC:8F,1710855243
C6:DC:35:9B:64:B4,1710855243
0A:6D:3A:B0:D3:41,1710855243
50:28:4A:D0:D7:10,1710855243
70:A8:D3:A8:BF:5F,1710855243
44:46:87:72:25:D4,1710855243
48:74:12:40:6C:08,1710855243
67:06:D1:16:3B:F4,1710855261
5D:CA:E7:37:07:B5,1710855261
3A:A0:CD:CB:44:BE,1710855261
2A:A3:61:28:D1:FD,1710855261
43:B8:25:3E:2C:56,1710855261
00:2B:29:20:94:1C,1710855261
C6:B6:52:BD:0E:2E,1710855261
33:A2:0C:1F:66:EC,1710855261
2D:3D:4F:A4:0B:C0,1710855261
4C:06:1F:D8:0B:A1,1710855261
36:D1:65:47:1C:CC,1710855261
4C:4E:95:67:8E:0A,1710855261
56:3C:9D:8B:DB:D5,1710855261
23:32:7F:6E:48:58,1710855261
DB:C5:FA:7E:B1:F8,1710855261
63:F4:15:33:AB:C5,1710855261
06:09:DD:30:95:45,1710855261
02:21:0F:C1:B3:25,1710855261
51:A2:99:68:63:F1,1710855261
5F:20:84:91:57:FE,1710855261
1F:1B:D0:F0:D0:4C,1710855261
77:7A:69:87:01:91,1710855261
22:44:2E:7D:3B:D2,1710855261
C6:DC:35:9B:64:B4,1710855261
07:C1:A8:E9:CC:EB,1710855261
16:8B:67:8F:DC:8F,1710855261
4C:3B:A2:0C:1F:49,1710855261
04:BE:73:1B:92:E0,1710855261
15:C1:8F:51:D6:28,1710855261
49:51:49:3F:5B:E5,1710855261
52:07:3E:B0:9A:C1,1710855261
62:DC:36:63:BC:99,1710855261
E8:79:DE:CA:38:27,1710855261
E2:A0:14:AF:CC:1A,1710855261
0A:6D:3A:B0:D3:41,1710855261
3E:B6:B8:92:6A:C1,1710855261
FD:71:A3:4A:41:8C,1710855261
21:16:BE:0B:CD:01,1710855261
41:50:28:72:D9:B0,1710855261
7F:B4:77:DA:FB:C1,1710855261
FC:1C:30:45:6D:89,1710855261
7D:25:10:E2:38:18,1710855261
23:07:08:00:2C:C3,1710855261
E2:1E:22:2E:A5:6F,1710855261
50:28:4A:D0:D7:10,1710855261
70:A8:D3:A8:BF:5F,1710855261
44:46:87:72:25:D4,1710855261
48:74:12:40:6C:08,1710855261
74:40:4C:66:82:89,1710855280
43:B8:25:3E:2C:56,1710855280
00:2B:29:20:94:1C,1710855280
C6:B6:52:BD:0E:2E,1710855280
33:A2:0C:1F:66:EC,1710855280
63:F4:15:33:AB:C5,1710855280
5D:CA:E7:37:07:B5,1710855280
2D:3D:4F:A4:0B:C0,1710855280
3A:A0:CD:CB:44:BE,1710855280
2A:A3:61:28:D1:FD,1710855280
1F:1B:D0:F0:D0:4C,1710855280
DB:C5:FA:7E:B1:F8,1710855280
02:21:0F:C1:B3:25,1710855280
E2:A0:14:AF:CC:1A,1710855280
62:DC:36:63:BC:99,1710855280
4C:4E:95:67:8E:0A,1710855280
56:3C:9D:8B:DB:D5,1710855280
06:09:DD:30:95:45,1710855280
36:D1:65:47:1C:CC,1710855280
22:44:2E:7D:3B:D2,1710855280
5F:20:84:91:57:FE,1710855280
49:51:49:3F:5B:E5,1710855280
15:C1:8F:51:D6:28,1710855280
4C:3B:A2:0C:1F:49,1710855280
4C:06:1F:D8:0B:A1,1710855280
77:7A:69:87:01:91,1710855280
51:A2:99:68:63:F1,1710855280
23:32:7F:6E:48:58,1710855280
67:06:D1:16:3B:F4,1710855280
3E:B6:B8:92:6A:C1,1710855280
23:07:08:00:2C:C3,1710855280
E8:79:DE:CA:38:27,1710855280
52:07:3E:B0:9A:C1,1710855280
DF:13:87:2E:1F:9B,1710855280
C6:DC:35:9B:64:B4,1710855280
E1:CE:83:FC:D5:98,1710855280
41:50:28:72:D9:B0,1710855280
07:C1:A8:E9:CC:EB,1710855280
04:BE:73:1B:92:E0,1710855280
16:8B:67:8F:DC:8F,1710855280
7D:25:10:E2:38:18,1710855280
5F:85:10:1F:15:18,1710855280
21:16:BE:0B:CD:01,1710855280
48:74:12:40:6C:08,1710855280
50:28:4A:D0:D7:10,1710855280
70:A8:D3:A8:BF:5F,1710855280
4C:06:1F:D8:0B:A1,1710855300
43:B8:25:3E:2C:56,1710855300
4C:4E:95:67:8E:0A,1710855300
2D:3D:4F:A4:0B:C0,1710855300
1F:1B:D0:F0:D0:4C,1710855300
02:21:0F:C1:B3:25,1710855300
63:F4:15:33:AB:C5,1710855300
77:7A:69:87:01:91,1710855300
07:C1:A8:E9:CC:EB,1710855300
5D:CA:E7:37:07:B5,1710855300
62:DC:36:63:BC:99,1710855300
36:D1:65:47:1C:CC,1710855300
4C:3B:A2:0C:1F:49,1710855300
33:A2:0C:1F:66:EC,1710855300
00:2B:29:20:94:1C,1710855300
2A:A3:61:28:D1:FD,1710855300
51:A2:99:68:63:F1,1710855300
5F:20:84:91:57:FE,1710855300
23:07:08:00:2C:C3,1710855300
DB:C5:FA:7E:B1:F8,1710855300
06:09:DD:30:95:45,1710855300
56:3C:9D:8B:DB:D5,1710855300
23:32:7F:6E:48:58,1710855300
3A:A0:CD:CB:44:BE,1710855300
E8:79:DE:CA:38:27,1710855300
15:C1:8F:51:D6:28,1710855300
67:06:D1:16:3B:F4,1710855300
49:51:49:3F:5B:E5,1710855300
C6:B6:52:BD:0E:2E,1710855300
22:44:2E:7D:3B:D2,1710855300
6F:0C:1C:03:16:17,1710855300
3E:B6:B8:92:6A:C1,1710855300
7F:B4:77:DA:FB:C1,1710855300
16:8B:67:8F:DC:8F,1710855300
41:50:28:72:D9:B0,1710855300
62:52:D1:68:52:0D,1710855300
0A:6D:3A:B0:D3:41,1710855300
7D:25:10:E2:38:18,1710855300
50:C2:E8:D1:6C:9E,1710855300
70:A8:D3:A8:BF:5F,1710855300
48:74:12:40:6C:08,1710855300
33:A2:0C:1F:66:EC,1710855322
77:7A:69:87:01:91,1710855322
4C:3B:A2:0C:1F:49,1710855322
2D:3D:4F:A4:0B:C0,1710855322
67:06:D1:16:3B:F4,1710855322
00:2B:29:20:94:1C,1710855322
5D:CA:E7:37:07:B5,1710855322
DB:C5:FA:7E:B1:F8,1710855322
06:09:DD:30:95:45,1710855322
15:C1:8F:51:D6:28,1710855322
23:07:08:00:2C:C3,1710855322
4C:4E:95:67:8E:0A,1710855322
1F:1B:D0:F0:D0:4C,1710855322
3E:B6:B8:92:6A:C1,1710855322
02:21:0F:C1:B3:25,1710855322
63:F4:15:33:AB:C5,1710855322
43:B8:25:3E:2C:56,1710855322
E8:79:DE:CA:38:27,1710855322
7D:25:10:E2:38:18,1710855322
3A:A0:CD:CB:44:BE,1710855322
23:32:7F:6E:48:58,1710855322
51:A2:99:68:63:F1,1710855322
2A:A3:61:28:D1:FD,1710855322
49:51:49:3F:5B:E5,1710855322
5F:20:84:91:57:FE,1710855322
C6:B6:52:BD:0E:2E,1710855322
36:D1:65:47:1C:CC,1710855322
56:3C:9D:8B:DB:D5,1710855322
62:DC:36:63:BC:99,1710855322
41:50:28:72:D9:B0,1710855322
4C:06:1F:D8:0B:A1,1710855322
31:61:D3:4E:AD:88,1710855322
52:07:3E:B0:9A:C1,1710855322
16:8B:67:8F:DC:8F,1710855322
E1:CE:83:FC:D5:98,1710855322
E2:A0:14:AF:CC:1A,1710855322
7F:B4:77:DA:FB:C1,1710855322
FC:1C:30:45:6D:89,1710855322
22:44:2E:7D:3B:D2,1710855322
70:A8:D3:A8:BF:5F,1710855322
50:C2:E8:D1:6C:9E,1710855322
48:74:12:40:6C:08,1710855322
3A:A0:CD:CB:44:BE,1710855343
2A:DB:9B:87:56:5E,1710855343
4C:3B:A2:0C:1F:49,1710855343
22:44:2E:7D:3B:D2,1710855343
77:7A:69:87:01:91,1710855343
33:A2:0C:1F:66:EC,1710855343
51:A2:99:68:63:F1,1710855343
00:2B:29:20:94:1C,1710855343
1F:1B:D0:F0:D0:4C,1710855343
67:06:D1:16:3B:F4,1710855343
5D:CA:E7:37:07:B5,1710855343
62:DC:36:63:BC:99,1710855343
02:21:0F:C1:B3:25,1710855343
4C:06:1F:D8:0B:A1,1710855343
2A:A3:61:28:D1:FD,1710855343
43:B8:25:3E:2C:56,1710855343
36:D1:65:47:1C:CC,1710855343
24:C7:E9:29:29:34,1710855343
2D:3D:4F:A4:0B:C0,1710855343
56:3C:9D:8B:DB:D5,1710855343
E8:79:DE:CA:38:27,1710855343
06:09:DD:30:95:45,1710855343
4C:4E:95:67:8E:0A,1710855343
63:F4:15:33:AB:C5,1710855343
3E:B6:B8:92:6A:C1,1710855343
41:50:28:72:D9:B0,1710855343
C6:B6:52:BD:0E:2E,1710855343
5F:20:84:91:57:FE,1710855343
7F:B4:77:DA:FB:C1,1710855343
49:51:49:3F:5B:E5,1710855343
FC:1C:30:45:6D:89,1710855343
DB:C5:FA:7E:B1:F8,1710855343
7D:25:10:E2:38:18,1710855343
C6:DC:35:9B:64:B4,1710855343
0E:AC:1B:A2:11:E6,1710855343
21:16:BE:0B:CD:01,1710855343
FD:71:A3:4A:41:8C,1710855343
16:8B:67:8F:DC:8F,1710855343
45:76:4B:EF:E7:56,1710855343
23:07:08:00:2C:C3,1710855343
49:A9:15:52:BB:3D,1710855343
31:61:D3:4E:AD:88,1710855343
E1:CE:83:FC:D5:98,1710855343
70:A8:D3:A8:BF:5F,1710855343
48:74:12:40:6C:08,1710855343
50:C2:E8:D1:6C:9E,1710855343
2A:A3:61:28:D1:FD,1710855365
02:21:0F:C1:B3:25,1710855365
4C:4E:95:67:8E:0A,1710855365
1F:1B:D0:F0:D0:4C,1710855365
77:7A:69:87:01:91,1710855365
33:A2:0C:1F:66:EC,1710855365
3E:37:00:7F:A1:FA,1710855365
4C:06:1F:D8:0B:A1,1710855365
22:44:2E:7D:3B:D2,1710855365
5D:CA:E7:37:07:B5,1710855365
56:3C:9D:8B:DB:D5,1710855365
63:F4:15:33:AB:C5,1710855365
06:09:DD:30:95:45,1710855365
00:2B:29:20:94:1C,1710855365
43:B8:25:3E:2C:56,1710855365
62:DC:36:63:BC:99,1710855365
3A:A0:CD:CB:44:BE,1710855365
C6:B6:52:BD:0E:2E,1710855365
5F:20:84:91:57:FE,1710855365
36:D1:65:47:1C:CC,1710855365
67:06:D1:16:3B:F4,1710855365
2A:DB:9B:87:56:5E,1710855365
51:A2:99:68:63:F1,1710855365
41:50:28:72:D9:B0,1710855365
31:61:D3:4E:AD:88,1710855365
24:C7:E9:29:29:34,1710855365
62:B6:19:45:19:E8,1710855365
C6:DC:35:9B:64:B4,1710855365
16:8B:67:8F:DC:8F,1710855365
DB:C5:FA:7E:B1:F8,1710855365
23:07:08:00:2C:C3,1710855365
3E:B6:B8:92:6A:C1,1710855365
4C:3B:A2:0C:1F:49,1710855365
16:16:D6:F3:7B:03,1710855365
21:16:BE:0B:CD:01,1710855365
E1:CE:83:FC:D5:98,1710855365
C7:EA:1D:2B:51:94,1710855365
7D:AA:B6:E5:30:BF,1710855365
0E:AC:1B:A2:11:E6,1710855365
E8:79:DE:CA:38:27,1710855365
DF:13:87:2E:1F:9B,1710855365
E2:A0:14:AF:CC:1A,1710855365
49:51:49:3F:5B:E5,1710855365
54:18:11:6C:F8:7A,1710855365
50:C2:E8:D1:6C:9E,1710855365
70:A8:D3:A8:BF:5F,1710855365
48:74:12:40:6C:08,1710855365
00:2B:29:20:94:1C,1710855385
1F:1B:D0:F0:D0:4C,1710855385
5F:20:84:91:57:FE,1710855385
33:A2:0C:1F:66:EC,1710855385
DB:C5:FA:7E:B1:F8,1710855385
4C:4E:95:67:8E:0A,1710855385
43:B8:25:3E:2C:56,1710855385
02:21:0F:C1:B3:25,1710855385
E8:79:DE:CA:38:27,1710855385
4C:06:1F:D8:0B:A1,1710855385
56:3C:9D:8B:DB:D5,1710855385
63:F4:15:33:AB:C5,1710855385
3E:37:00:7F:A1:FA,1710855385
62:DC:36:63:BC:99,1710855385
22:44:2E:7D:3B:D2,1710855385
3A:A0:CD:CB:44:BE,1710855385
62:B6:19:45:19:E8,1710855385
5D:CA:E7:37:07:B5,1710855385
77:7A:69:87:01:91,1710855385
24:C7:E9:29:29:34,1710855385
06:09:DD:30:95:45,1710855385
51:A2:99:68:63:F1,1710855385
2A:A3:61:28:D1:FD,1710855385
36:D1:65:47:1C:CC,1710855385
67:06:D1:16:3B:F4,1710855385
C6:B6:52:BD:0E:2E,1710855385
49:51:49:3F:5B:E5,1710855385
E2:A0:14:AF:CC:1A,1710855385
2A:DB:9B:87:56:5E,1710855385
23:07:08:00:2C:C3,1710855385
4C:3B:A2:0C:1F:49,1710855385
04:BE:73:1B:92:E0,1710855385
47:F3:D3:94:2A:B7,1710855385
3E:B6:B8:92:6A:C1,1710855385
16:8B:67:8F:DC:8F,1710855385
7D:25:10:E2:38:18,1710855385
54:18:11:6C:F8:7A,1710855385
21:16:BE:0B:CD:01,1710855385
47:1C:C0:2F:29:F8,1710855385
E1:CE:83:FC:D5:98,1710855385
41:50:28:72:D9:B0,1710855385
31:61:D3:4E:AD:88,1710855385
E2:1E:22:2E:A5:6F,1710855385
C6:DC:35:9B:64:B4,1710855385
0E:AC:1B:A2:11:E6,1710855385
50:C2:E8:D1:6C:9E,1710855385
70:A8:D3:A8:BF:5F,1710855385
48:74:12:40:6C:08,1710855385
5C:FA:10:6B:B8:BD,1710855405
36:D1:65:47:1C:CC,1710855405
66:72:6A:AA:2D:B2,1710855405
3A:A0:CD:CB:44:BE,1710855405
1F:1B:D0:F0:D0:4C,1710855405
7C:C7:58:4C:F4:5D,1710855405
41:50:28:72:D9:B0,1710855405
33:A2:0C:1F:66:EC,1710855405
37:33:6E:DC:B1:E1,1710855405
77:7A:69:87:01:91,1710855405
C6:B6:52:BD:0E:2E,1710855405
3E:37:00:7F:A1:FA,1710855405
00:2B:29:20:94:1C,1710855405
06:09:DD:30:95:45,1710855405
2A:DB:9B:87:56:5E,1710855405
02:21:0F:C1:B3:25,1710855405
51:A2:99:68:63:F1,1710855405
DB:C5:FA:7E:B1:F8,1710855405
2A:A3:61:28:D1:FD,1710855405
63:F4:15:33:AB:C5,1710855405
43:B8:25:3E:2C:56,1710855405
4C:06:1F:D8:0B:A1,1710855405
4C:4E:95:67:8E:0A,1710855405
49:51:49:3F:5B:E5,1710855405
56:3C:9D:8B:DB:D5,1710855405
62:DC:36:63:BC:99,1710855405
67:06:D1:16:3B:F4,1710855405
5D:CA:E7:37:07:B5,1710855405
23:07:08:00:2C:C3,1710855405
62:B6:19:45:19:E8,1710855405
FC:1C:30:45:6D:89,1710855405
24:C7:E9:29:29:34,1710855405
E8:79:DE:CA:38:27,1710855405
DF:13:87:2E:1F:9B,1710855405
6F:0C:1C:03:16:17,1710855405
31:61:D3:4E:AD:88,1710855405
3E:B6:B8:92:6A:C1,1710855405
E2:A0:14:AF:CC:1A,1710855405
E1:CE:83:FC:D5:98,1710855405
16:8B:67:8F:DC:8F,1710855405
7D:AA:B6:E5:30:BF,1710855405
47:F3:D3:94:2A:B7,1710855405
0E:AC:1B:A2:11:E6,1710855405
FD:71:A3:4A:41:8C,1710855405
50:C2:E8:D1:6C:9E,1710855405
70:A8:D3:A8:BF:5F,1710855405
48:74:12:40:6C:08,1710855405
00:2B:29:20:94:1C,1710855426
66:72:6A:AA:2D:B2,1710855426
77:7A:69:87:01:91,1710855426
67:06:D1:16:3B:F4,1710855426
02:21:0F:C1:B3:25,1710855426
3E:37:00:7F:A1:FA,1710855426
5D:CA:E7:37:07:B5,1710855426
47:95:97:56:49:AE,1710855426
36:D1:65:47:1C:CC,1710855426
2A:DB:9B:87:56:5E,1710855426
1F:1B:D0:F0:D0:4C,1710855426
33:A2:0C:1F:66:EC,1710855426
78:E0:3F:75:5D:89,1710855426
DB:C5:FA:7E:B1:F8,1710855426
11:7F:54:39:90:90,1710855426
E2:A0:14:AF:CC:1A,1710855426
43:B8:25:3E:2C:56,1710855426
4C:06:1F:D8:0B:A1,1710855426
2A:A3:61:28:D1:FD,1710855426
24:C7:E9:29:29:34,1710855426
7C:C7:58:4C:F4:5D,1710855426
5E:C5:B8:3E:29:91,1710855426
3A:A0:CD:CB:44:BE,1710855426
C6:DC:35:9B:64:B4,1710855426
63:F4:15:33:AB:C5,1710855426
37:33:6E:DC:B1:E1,1710855426
62:DC:36:63:BC:99,1710855426
04:BE:73:1B:92:E0,1710855426
31:61:D3:4E:AD:88,1710855426
E8:79:DE:CA:38:27,1710855426
7D:25:10:E2:38:18,1710855426
DF:13:87:2E:1F:9B,1710855426
24:8E:67:2E:2B:CD,1710855426
16:8B:67:8F:DC:8F,1710855426
C6:B6:52:BD:0E:2E,1710855426
62:B6:19:45:19:E8,1710855426
49:51:49:3F:5B:E5,1710855426
54:18:11:6C:F8:7A,1710855426
FC:1C:30:45:6D:89,1710855426
E1:CE:83:FC:D5:98,1710855426
47:F3:D3:94:2A:B7,1710855426
41:50:28:72:D9:B0,1710855426
7D:AA:B6:E5:30:BF,1710855426
16:16:D6:F3:7B:03,1710855426
C7:EA:1D:2B:51:94,1710855426
50:C2:E8:D1:6C:9E,1710855426
70:A8:D3:A8:BF:5F,1710855426
48:74:12:40:6C:08,1710855426
78:E0:3F:75:5D:89,1710855448
24:C7:E9:29:29:34,1710855448
4C:06:1F:D8:0B:A1,1710855448
00:2B:29:20:94:1C,1710855448
33:A2:0C:1F:66:EC,1710855448
1F:1B:D0:F0:D0:4C,1710855448
62:DC:36:63:BC:99,1710855448
3A:A0:CD:CB:44:BE,1710855448
41:50:28:72:D9:B0,1710855448
02:21:0F:C1:B3:25,1710855448
DB:CC:41:E4:6E:CC,1710855448
5D:CA:E7:37:07:B5,1710855448
77:7A:69:87:01:91,1710855448
43:B8:25:3E:2C:56,1710855448
63:F4:15:33:AB:C5,1710855448
11:7F:54:39:90:90,1710855448
23:07:08:00:2C:C3,1710855448
66:72:6A:AA:2D:B2,1710855448
5E:C5:B8:3E:29:91,1710855448
C7:EA:1D:2B:51:94,1710855448
36:D1:65:47:1C:CC,1710855448
2A:DB:9B:87:56:5E,1710855448
3E:37:00:7F:A1:FA,1710855448
47:95:97:56:49:AE,1710855448
6F:0C:1C:03:16:17,1710855448
37:33:6E:DC:B1:E1,1710855448
67:06:D1:16:3B:F4,1710855448
7C:C7:58:4C:F4:5D,1710855448
24:8E:67:2E:2B:CD,1710855448
7D:AA:B6:E5:30:BF,1710855448
5A:B7:9E:DE:83:86,1710855448
DB:C5:FA:7E:B1:F8,1710855448
16:8B:67:8F:DC:8F,1710855448
7D:B0:02:71:19:A5,1710855448
2A:A3:61:28:D1:FD,1710855448
FD:71:A3:4A:41:8C,1710855448
31:61:D3:4E:AD:88,1710855448
04:BE:73:1B:92:E0,1710855448
FC:1C:30:45:6D:89,1710855448
E1:CE:83:FC:D5:98,1710855448
E2:1E:22:2E:A5:6F,1710855448
C6:B6:52:BD:0E:2E,1710855448
E2:A0:14:AF:CC:1A,1710855448
0E:AC:1B:A2:11:E6,1710855448
50:C2:E8:D1:6C:9E,1710855448
70:A8:D3:A8:BF:5F,1710855448
48:74:12:40:6C:08,1710855448
3E:37:00:7F:A1:FA,1710855469
41:50:28:72:D9:B0,1710855469
43:B8:25:3E:2C:56,1710855469
33:A2:0C:1F:66:EC,1710855469
47:95:97:56:49:AE,1710855469
5D:CA:E7:37:07:B5,1710855469
77:7A:69:87:01:91,1710855469
1F:1B:D0:F0:D0:4C,1710855469
63:F4:15:33:AB:C5,1710855469
24:C7:E9:29:29:34,1710855469
6F:0C:1C:03:16:17,1710855469
11:7F:54:39:90:90,1710855469
36:D1:65:47:1C:CC,1710855469
24:8E:67:2E:2B:CD,1710855469
00:2B:29:20:94:1C,1710855469
02:21:0F:C1:B3:25,1710855469
62:DC:36:63:BC:99,1710855469
3A:A0:CD:CB:44:BE,1710855469
5E:C5:B8:3E:29:91,1710855469
E1:CE:83:FC:D5:98,1710855469
2A:DB:9B:87:56:5E,1710855469
7D:AA:B6:E5:30:BF,1710855469
4C:06:1F:D8:0B:A1,1710855469
37:33:6E:DC:B1:E1,1710855469
7C:C7:58:4C:F4:5D,1710855469
67:06:D1:16:3B:F4,1710855469
23:07:08:00:2C:C3,1710855469
7D:B0:02:71:19:A5,1710855469
78:E0:3F:75:5D:89,1710855469
DB:C5:FA:7E:B1:F8,1710855469
54:18:11:6C:F8:7A,1710855469
16:8B:67:8F:DC:8F,1710855469
5A:B7:9E:DE:83:86,1710855469
21:16:BE:0B:CD:01,1710855469
31:61:D3:4E:AD:88,1710855469
FC:1C:30:45:6D:89,1710855469
E8:79:DE:CA:38:27,1710855469
66:72:6A:AA:2D:B2,1710855469
2A:A3:61:28:D1:FD,1710855469
C6:B6:52:BD:0E:2E,1710855469
57:4E:38:40:42:20,1710855469
7D:25:10:E2:38:18,1710855469
70:A8:D3:A8:BF:5F,1710855469
50:C2:E8:D1:6C:9E,1710855469
48:74:12:40:6C:08,1710855469
02:21:0F:C1:B3:25,1710855489
33:A2:0C:1F:66:EC,1710855489
1F:1B:D0:F0:D0:4C,1710855489
11:7F:54:39:90:90,1710855489
55:6F:41:44:3A:50,1710855489
4C:06:1F:D8:0B:A1,1710855489
43:B8:25:3E:2C:56,1710855489
7D:25:10:E2:38:18,1710855489
3A:A0:CD:CB:44:BE,1710855489
62:DC:36:63:BC:99,1710855489
3E:37:00:7F:A1:FA,1710855489
36:D1:65:47:1C:CC,1710855489
2A:DB:9B:87:56:5E,1710855489
5E:C5:B8:3E:29:91,1710855489
7D:B0:02:71:19:A5,1710855489
63:F4:15:33:AB:C5,1710855489
78:E0:3F:75:5D:89,1710855489
00:2B:29:20:94:1C,1710855489
77:7A:69:87:01:91,1710855489
7C:C7:58:4C:F4:5D,1710855489
23:07:08:00:2C:C3,1710855489
C6:B6:52:BD:0E:2E,1710855489
47:95:97:56:49:AE,1710855489
16:8B:67:8F:DC:8F,1710855489
37:33:6E:DC:B1:E1,1710855489
DB:C5:FA:7E:B1:F8,1710855489
67:06:D1:16:3B:F4,1710855489
54:18:11:6C:F8:7A,1710855489
DB:CC:41:E4:6E:CC,1710855489
66:72:6A:AA:2D:B2,1710855489
C8:62:8F:C0:CB:C4,1710855489
04:BE:73:1B:92:E0,1710855489
7E:2E:A3:8C:FD:1A,1710855489
24:8E:67:2E:2B:CD,1710855489
6F:0C:1C:03:16:17,1710855489
7D:AA:B6:E5:30:BF,1710855489
C6:DC:35:9B:64:B4,1710855489
31:61:D3:4E:AD:88,1710855489
21:16:BE:0B:CD:01,1710855489
2A:A3:61:28:D1:FD,1710855489
E2:A0:14:AF:CC:1A,1710855489
24:C7:E9:29:29:34,1710855489
5A:B7:9E:DE:83:86,1710855489
FC:1C:30:45:6D:89,1710855489
E8:79:DE:CA:38:27,1710855489
74:99:A2:7C:E6:F5,1710855489
16:16:D6:F3:7B:03,1710855489
41:50:28:72:D9:B0,1710855489
50:C2:E8:D1:6C:9E,1710855489
70:A8:D3:A8:BF:5F,1710855489
48:74:12:40:6C:08,1710855489
33:A2:0C:1F:66:EC,1710855510
2A:A3:61:28:D1:FD,1710855510
36:D1:65:47:1C:CC,1710855510
7E:2E:A3:8C:FD:1A,1710855510
6F:0C:1C:03:16:17,1710855510
7D:AA:B6:E5:30:BF,1710855510
24:C7:E9:29:29:34,1710855510
4C:06:1F:D8:0B:A1,1710855510
1F:1B:D0:F0:D0:4C,1710855510
3E:37:00:7F:A1:FA,1710855510
47:95:97:56:49:AE,1710855510
78:E0:3F:75:5D:89,1710855510
43:B8:25:3E:2C:56,1710855510
55:6F:41:44:3A:50,1710855510
62:DC:36:63:BC:99,1710855510
77:7A:69:87:01:91,1710855510
00:2B:29:20:94:1C,1710855510
02:21:0F:C1:B3:25,1710855510
2A:DB:9B:87:56:5E,1710855510
41:50:28:72:D9:B0,1710855510
5E:C5:B8:3E:29:91,1710855510
11:7F:54:39:90:90,1710855510
E2:1E:22:2E:A5:6F,1710855510
E2:A0:14:AF:CC:1A,1710855510
DB:C5:FA:7E:B1:F8,1710855510
3A:A0:CD:CB:44:BE,1710855510
66:72:6A:AA:2D:B2,1710855510
7C:C7:58:4C:F4:5D,1710855510
67:06:D1:16:3B:F4,1710855510
37:33:6E:DC:B1:E1,1710855510
FD:71:A3:4A:41:8C,1710855510
5A:B7:9E:DE:83:86,1710855510
31:61:D3:4E:AD:88,1710855510
E8:79:DE:CA:38:27,1710855510
54:18:11:6C:F8:7A,1710855510
23:07:08:00:2C:C3,1710855510
7D:B0:02:71:19:A5,1710855510
C6:DC:35:9B:64:B4,1710855510
47:F3:D3:94:2A:B7,1710855510
16:16:D6:F3:7B:03,1710855510
C8:62:8F:C0:CB:C4,1710855510
C7:EA:1D:2B:51:94,1710855510
16:8B:67:8F:DC:8F,1710855510
7D:25:10:E2:38:18,1710855510
04:BE:73:1B:92:E0,1710855510
10:57:A7:08:98:CC,1710855510
24:8E:67:2E:2B:CD,1710855510
70:A8:D3:A8:BF:5F,1710855510
48:74:12:40:6C:08,1710855510
50:C2:E8:D1:6C:9E,1710855510
2A:A3:61:28:D1:FD,1710855532
43:B8:25:3E:2C:56,1710855532
11:7F:54:39:90:90,1710855532
55:6F:41:44:3A:50,1710855532
02:21:0F:C1:B3:25,1710855532
4C:06:1F:D8:0B:A1,1710855532
47:95:97:56:49:AE,1710855532
7C:C7:58:4C:F4:5D,1710855532
3E:37:00:7F:A1:FA,1710855532
1F:1B:D0:F0:D0:4C,1710855532
78:E0:3F:75:5D:89,1710855532
77:7A:69:87:01:91,1710855532
33:A2:0C:1F:66:EC,1710855532
00:2B:29:20:94:1C,1710855532
C8:62:8F:C0:CB:C4,1710855532
7E:2E:A3:8C:FD:1A,1710855532
3A:A0:CD:CB:44:BE,1710855532
37:33:6E:DC:B1:E1,1710855532
23:07:08:00:2C:C3,1710855532
0C:88:56:C8:05:C3,1710855532
5E:C5:B8:3E:29:91,1710855532
2A:DB:9B:87:56:5E,1710855532
E1:CE:83:FC:D5:98,1710855532
67:06:D1:16:3B:F4,1710855532
6F:0C:1C:03:16:17,1710855532
16:16:D6:F3:7B:03,1710855532
DB:C5:FA:7E:B1:F8,1710855532
66:72:6A:AA:2D:B2,1710855532
31:61:D3:4E:AD:88,1710855532
62:DC:36:63:BC:99,1710855532
7D:25:10:E2:38:18,1710855532
E8:79:DE:CA:38:27,1710855532
16:8B:67:8F:DC:8F,1710855532
41:50:28:72:D9:B0,1710855532
24:8E:67:2E:2B:CD,1710855532
7D:B0:02:71:19:A5,1710855532
24:C7:E9:29:29:34,1710855532
0E:AC:1B:A2:11:E6,1710855532
DB:CC:41:E4:6E:CC,1710855532
5A:B7:9E:DE:83:86,1710855532
54:18:11:6C:F8:7A,1710855532
FC:1C:30:45:6D:89,1710855532
C6:DC:35:9B:64:B4,1710855532
50:C2:E8:D1:6C:9E,1710855532
48:74:12:40:6C:08,1710855532
70:A8:D3:A8:BF:5F,1710855532
33:A2:0C:1F:66:EC,1710855554
02:21:0F:C1:B3:25,1710855554
0C:88:56:C8:05:C3,1710855554
11:7F:54:39:90:90,1710855554
2A:A3:61:28:D1:FD,1710855554
7E:2E:A3:8C:FD:1A,1710855554
3E:37:00:7F:A1:FA,1710855554
55:6F:41:44:3A:50,1710855554
66:72:6A:AA:2D:B2,1710855554
3A:A0:CD:CB:44:BE,1710855554
54:50:9A:AB:85:A7,1710855554
00:2B:29:20:94:1C,1710855554
24:C7:E9:29:29:34,1710855554
DB:C5:FA:7E:B1:F8,1710855554
77:7A:69:87:01:91,1710855554
67:06:D1:16:3B:F4,1710855554
1F:1B:D0:F0:D0:4C,1710855554
2A:DB:9B:87:56:5E,1710855554
47:95:97:56:49:AE,1710855554
5E:C5:B8:3E:29:91,1710855554
7C:C7:58:4C:F4:5D,1710855554
43:B8:25:3E:2C:56,1710855554
37:33:6E:DC:B1:E1,1710855554
FD:71:A3:4A:41:8C,1710855554
62:DC:36:63:BC:99,1710855554
7D:B0:02:71:19:A5,1710855554
C8:62:8F:C0:CB:C4,1710855554
C7:EA:1D:2B:51:94,1710855554
E8:79:DE:CA:38:27,1710855554
7D:25:10:E2:38:18,1710855554
24:8E:67:2E:2B:CD,1710855554
16:16:D6:F3:7B:03,1710855554
FC:1C:30:45:6D:89,1710855554
78:E0:3F:75:5D:89,1710855554
C6:DC:35:9B:64:B4,1710855554
16:8B:67:8F:DC:8F,1710855554
5A:B7:9E:DE:83:86,1710855554
54:18:11:6C:F8:7A,1710855554
7D:AA:B6:E5:30:BF,1710855554
41:50:28:72:D9:B0,1710855554
78:5C:D8:94:72:86,1710855554
31:61:D3:4E:AD:88,1710855554
0E:AC:1B:A2:11:E6,1710855554
E2:A0:14:AF:CC:1A,1710855554
00:E4:DF:DD:43:FD,1710855554
50:C2:E8:D1:6C:9E,1710855554
48:74:12:40:6C:08,1710855554
70:A8:D3:A8:BF:5F,1710855554
02:21:0F:C1:B3:25,1710855574
54:50:9A:AB:85:A7,1710855574
55:6F:41:44:3A:50,1710855574
33:A2:0C:1F:66:EC,1710855574
1F:1B:D0:F0:D0:4C,1710855574
77:7A:69:87:01:91,1710855574
5E:C5:B8:3E:29:91,1710855574
3E:37:00:7F:A1:FA,1710855574
00:2B:29:20:94:1C,1710855574
62:DC:36:63:BC:99,1710855574
0C:88:56:C8:05:C3,1710855574
FD:71:A3:4A:41:8C,1710855574
37:33:6E:DC:B1:E1,1710855574
43:B8:25:3E:2C:56,1710855574
7C:C7:58:4C:F4:5D,1710855574
7E:2E:A3:8C:FD:1A,1710855574
78:E0:3F:75:5D:89,1710855574
24:C7:E9:29:29:34,1710855574
11:7F:54:39:90:90,1710855574
66:72:6A:AA:2D:B2,1710855574
C8:62:8F:C0:CB:C4,1710855574
C7:EA:1D:2B:51:94,1710855574
47:95:97:56:49:AE,1710855574
3A:A0:CD:CB:44:BE,1710855574
E1:CE:83:FC:D5:98,1710855574
2A:DB:9B:87:56:5E,1710855574
67:06:D1:16:3B:F4,1710855574
7D:AA:B6:E5:30:BF,1710855574
2A:A3:61:28:D1:FD,1710855574
54:18:11:6C:F8:7A,1710855574
23:07:08:00:2C:C3,1710855574
DB:C5:FA:7E:B1:F8,1710855574
24:8E:67:2E:2B:CD,1710855574
31:61:D3:4E:AD:88,1710855574
FC:1C:30:45:6D:89,1710855574
41:50:28:72:D9:B0,1710855574
7D:25:10:E2:38:18,1710855574
E8:79:DE:CA:38:27,1710855574
10:57:A7:08:98:CC,1710855574
7D:B0:02:71:19:A5,1710855574
0E:AC:1B:A2:11:E6,1710855574
63:47:6B:3D:CC:C0,1710855574
16:8B:67:8F:DC:8F,1710855574
70:A8:D3:A8:BF:5F,1710855574
48:74:12:40:6C:08,1710855574
50:C2:E8:D1:6C:9E,1710855574
3E:37:00:7F:A1:FA,1710855598
02:21:0F:C1:B3:25,1710855598
0C:88:56:C8:05:C3,1710855598
3A:A0:CD:CB:44:BE,1710855598
54:50:9A:AB:85:A7,1710855598
33:A2:0C:1F:66:EC,1710855598
11:7F:54:39:90:90,1710855598
77:7A:69:87:01:91,1710855598
1F:1B:D0:F0:D0:4C,1710855598
2A:DB:9B:87:56:5E,1710855598
37:33:6E:DC:B1:E1,1710855598
43:B8:25:3E:2C:56,1710855598
78:E0:3F:75:5D:89,1710855598
2A:A3:61:28:D1:FD,1710855598
00:2B:29:20:94:1C,1710855598
7C:C7:58:4C:F4:5D,1710855598
55:6F:41:44:3A:50,1710855598
41:50:28:72:D9:B0,1710855598
62:DC:36:63:BC:99,1710855598
67:06:D1:16:3B:F4,1710855598
C8:62:8F:C0:CB:C4,1710855598
7E:2E:A3:8C:FD:1A,1710855598
C7:EA:1D:2B:51:94,1710855598
5E:C5:B8:3E:29:91,1710855598
7D:25:10:E2:38:18,1710855598
E1:CE:83:FC:D5:98,1710855598
66:72:6A:AA:2D:B2,1710855598
0F:E6:9C:98:19:19,1710855598
47:95:97:56:49:AE,1710855598
0E:AC:1B:A2:11:E6,1710855598
7D:B0:02:71:19:A5,1710855598
24:C7:E9:29:29:34,1710855598
E2:A0:14:AF:CC:1A,1710855598
DB:C5:FA:7E:B1:F8,1710855598
24:8E:67:2E:2B:CD,1710855598
C6:DC:35:9B:64:B4,1710855598
23:07:08:00:2C:C3,1710855598
16:8B:67:8F:DC:8F,1710855598
31:61:D3:4E:AD:88,1710855598
54:18:11:6C:F8:7A,1710855598
FC:1C:30:45:6D:89,1710855598
E8:5A:8B:48:BF:66,1710855598
50:C2:E8:D1:6C:9E,1710855598
48:74:12:40:6C:08,1710855598
70:A8:D3:A8:BF:5F,1710855598
55:6F:41:44:3A:50,1710855623
2A:A3:61:28:D1:FD,1710855623
33:A2:0C:1F:66:EC,1710855623
67:06:D1:16:3B:F4,1710855623
00:2B:29:20:94:1C,1710855623
5E:C5:B8:3E:29:91,1710855623
54:50:9A:AB:85:A7,1710855623
7E:2E:A3:8C:FD:1A,1710855623
3E:37:00:7F:A1:FA,1710855623
57:1B:4E:08:38:A7,1710855623
0C:88:56:C8:05:C3,1710855623
43:B8:25:3E:2C:56,1710855623
62:DC:36:63:BC:99,1710855623
2A:DB:9B:87:56:5E,1710855623
1F:1B:D0:F0:D0:4C,1710855623
23:07:08:00:2C:C3,1710855623
24:8E:67:2E:2B:CD,1710855623
7C:C7:58:4C:F4:5D,1710855623
41:50:28:72:D9:B0,1710855623
47:95:97:56:49:AE,1710855623
78:E0:3F:75:5D:89,1710855623
11:7F:54:39:90:90,1710855623
FD:71:A3:4A:41:8C,1710855623
66:72:6A:AA:2D:B2,1710855623
3A:A0:CD:CB:44:BE,1710855623
C8:62:8F:C0:CB:C4,1710855623
0F:E6:9C:98:19:19,1710855623
37:33:6E:DC:B1:E1,1710855623
C7:EA:1D:2B:51:94,1710855623
E1:CE:83:FC:D5:98,1710855623
24:C7:E9:29:29:34,1710855623
5A:B7:9E:DE:83:86,1710855623
63:47:6B:3D:CC:C0,1710855623
31:61:D3:4E:AD:88,1710855623
7D:B0:02:71:19:A5,1710855623
E8:79:DE:CA:38:27,1710855623
16:8B:67:8F:DC:8F,1710855623
54:18:11:6C:F8:7A,1710855623
50:C2:E8:D1:6C:9E,1710855623
E8:5A:8B:48:BF:66,1710855623
70:A8:D3:A8:BF:5F,1710855623
48:74:12:40:6C:08,1710855623
                                                                                                                                                                                                                                                                                                                                                                                                                                                                                                                                                                                                                                                                                                                                                                                                                                                                                                                                                                                                                                                                                                                                                                                                                                                                                                                                                                        